 x,y,z,P,u,v,w,V
  0.0000,   0.0000,   0.0000,  -0.0000,  0.00000,  0.00000,  0.00000,  0.00000
  0.0000,   0.0323,   0.0000,   0.1186,  0.00000,  0.00000,  0.00000,  0.00000
  0.0000,   0.0645,   0.0000,   0.2969,  0.00000,  0.00000,  0.00000,  0.00000
  0.0000,   0.0968,   0.0000,   0.3870,  0.00000,  0.00000,  0.00000,  0.00000
  0.0000,   0.1290,   0.0000,   0.4347,  0.00000,  0.00000,  0.00000,  0.00000
  0.0000,   0.1613,   0.0000,   0.4631,  0.00000,  0.00000,  0.00000,  0.00000
  0.0000,   0.1935,   0.0000,   0.4826,  0.00000,  0.00000,  0.00000,  0.00000
  0.0000,   0.2258,   0.0000,   0.4977,  0.00000,  0.00000,  0.00000,  0.00000
  0.0000,   0.2581,   0.0000,   0.5103,  0.00000,  0.00000,  0.00000,  0.00000
  0.0000,   0.2903,   0.0000,   0.5213,  0.00000,  0.00000,  0.00000,  0.00000
  0.0000,   0.3226,   0.0000,   0.5309,  0.00000,  0.00000,  0.00000,  0.00000
  0.0000,   0.3548,   0.0000,   0.5392,  0.00000,  0.00000,  0.00000,  0.00000
  0.0000,   0.3871,   0.0000,   0.5460,  0.00000,  0.00000,  0.00000,  0.00000
  0.0000,   0.4194,   0.0000,   0.5513,  0.00000,  0.00000,  0.00000,  0.00000
  0.0000,   0.4516,   0.0000,   0.5548,  0.00000,  0.00000,  0.00000,  0.00000
  0.0000,   0.4839,   0.0000,   0.5565,  0.00000,  0.00000,  0.00000,  0.00000
  0.0000,   0.5161,   0.0000,   0.5565,  0.00000,  0.00000,  0.00000,  0.00000
  0.0000,   0.5484,   0.0000,   0.5548,  0.00000,  0.00000,  0.00000,  0.00000
  0.0000,   0.5806,   0.0000,   0.5513,  0.00000,  0.00000,  0.00000,  0.00000
  0.0000,   0.6129,   0.0000,   0.5460,  0.00000,  0.00000,  0.00000,  0.00000
  0.0000,   0.6452,   0.0000,   0.5392,  0.00000,  0.00000,  0.00000,  0.00000
  0.0000,   0.6774,   0.0000,   0.5309,  0.00000,  0.00000,  0.00000,  0.00000
  0.0000,   0.7097,   0.0000,   0.5213,  0.00000,  0.00000,  0.00000,  0.00000
  0.0000,   0.7419,   0.0000,   0.5103,  0.00000,  0.00000,  0.00000,  0.00000
  0.0000,   0.7742,   0.0000,   0.4977,  0.00000,  0.00000,  0.00000,  0.00000
  0.0000,   0.8065,   0.0000,   0.4826,  0.00000,  0.00000,  0.00000,  0.00000
  0.0000,   0.8387,   0.0000,   0.4631,  0.00000,  0.00000,  0.00000,  0.00000
  0.0000,   0.8710,   0.0000,   0.4347,  0.00000,  0.00000,  0.00000,  0.00000
  0.0000,   0.9032,   0.0000,   0.3870,  0.00000,  0.00000,  0.00000,  0.00000
  0.0000,   0.9355,   0.0000,   0.2969,  0.00000,  0.00000,  0.00000,  0.00000
  0.0000,   0.9677,   0.0000,   0.1186,  0.00000,  0.00000,  0.00000,  0.00000
  0.0000,   1.0000,   0.0000,  -0.0000,  0.00000,  0.00000,  0.00000,  0.00000
  0.0323,   0.0000,   0.0000,   0.1558,  1.00000,  0.00000,  0.00000,  1.00000
  0.0323,   0.0323,   0.0000,   0.2207,  0.09901, -0.20421,  0.00000,  0.22695
  0.0323,   0.0645,   0.0000,   0.3276, -0.03728, -0.22350,  0.00000,  0.22659
  0.0323,   0.0968,   0.0000,   0.3947, -0.04080, -0.19850,  0.00000,  0.20265
  0.0323,   0.1290,   0.0000,   0.4355, -0.02847, -0.17009,  0.00000,  0.17246
  0.0323,   0.1613,   0.0000,   0.4620, -0.01860, -0.14681,  0.00000,  0.14798
  0.0323,   0.1935,   0.0000,   0.4810, -0.01259, -0.12871,  0.00000,  0.12932
  0.0323,   0.2258,   0.0000,   0.4961, -0.00933, -0.11413,  0.00000,  0.11451
  0.0323,   0.2581,   0.0000,   0.5087, -0.00779, -0.10146,  0.00000,  0.10176
  0.0323,   0.2903,   0.0000,   0.5196, -0.00727, -0.08950,  0.00000,  0.08979
  0.0323,   0.3226,   0.0000,   0.5292, -0.00733, -0.07746,  0.00000,  0.07780
  0.0323,   0.3548,   0.0000,   0.5374, -0.00769, -0.06487,  0.00000,  0.06532
  0.0323,   0.3871,   0.0000,   0.5441, -0.00815, -0.05153,  0.00000,  0.05218
  0.0323,   0.4194,   0.0000,   0.5493, -0.00858, -0.03743,  0.00000,  0.03841
  0.0323,   0.4516,   0.0000,   0.5527, -0.00888, -0.02271,  0.00000,  0.02438
  0.0323,   0.4839,   0.0000,   0.5544, -0.00898, -0.00760,  0.00000,  0.01176
  0.0323,   0.5161,   0.0000,   0.5544, -0.00898,  0.00760,  0.00000,  0.01176
  0.0323,   0.5484,   0.0000,   0.5527, -0.00888,  0.02271,  0.00000,  0.02438
  0.0323,   0.5806,   0.0000,   0.5493, -0.00858,  0.03743,  0.00000,  0.03841
  0.0323,   0.6129,   0.0000,   0.5441, -0.00815,  0.05153,  0.00000,  0.05218
  0.0323,   0.6452,   0.0000,   0.5374, -0.00769,  0.06487,  0.00000,  0.06532
  0.0323,   0.6774,   0.0000,   0.5292, -0.00733,  0.07746,  0.00000,  0.07780
  0.0323,   0.7097,   0.0000,   0.5196, -0.00727,  0.08950,  0.00000,  0.08979
  0.0323,   0.7419,   0.0000,   0.5087, -0.00779,  0.10146,  0.00000,  0.10176
  0.0323,   0.7742,   0.0000,   0.4961, -0.00933,  0.11413,  0.00000,  0.11451
  0.0323,   0.8065,   0.0000,   0.4810, -0.01259,  0.12871,  0.00000,  0.12932
  0.0323,   0.8387,   0.0000,   0.4620, -0.01860,  0.14681,  0.00000,  0.14798
  0.0323,   0.8710,   0.0000,   0.4355, -0.02847,  0.17009,  0.00000,  0.17246
  0.0323,   0.9032,   0.0000,   0.3947, -0.04080,  0.19850,  0.00000,  0.20265
  0.0323,   0.9355,   0.0000,   0.3276, -0.03728,  0.22350,  0.00000,  0.22659
  0.0323,   0.9677,   0.0000,   0.2207,  0.09901,  0.20421,  0.00000,  0.22695
  0.0323,   1.0000,   0.0000,   0.1558,  1.00000,  0.00000,  0.00000,  1.00000
  0.0645,   0.0000,   0.0000,   0.3712,  1.00000,  0.00000,  0.00000,  1.00000
  0.0645,   0.0323,   0.0000,   0.3710,  0.22350, -0.15409,  0.00000,  0.27147
  0.0645,   0.0645,   0.0000,   0.3859, -0.00571, -0.23199,  0.00000,  0.23206
  0.0645,   0.0968,   0.0000,   0.4155, -0.05341, -0.24798,  0.00000,  0.25367
  0.0645,   0.1290,   0.0000,   0.4417, -0.05169, -0.23847,  0.00000,  0.24401
  0.0645,   0.1613,   0.0000,   0.4627, -0.04139, -0.22116,  0.00000,  0.22500
  0.0645,   0.1935,   0.0000,   0.4796, -0.03267, -0.20250,  0.00000,  0.20512
  0.0645,   0.2258,   0.0000,   0.4937, -0.02724, -0.18411,  0.00000,  0.18611
  0.0645,   0.2581,   0.0000,   0.5059, -0.02463, -0.16590,  0.00000,  0.16772
  0.0645,   0.2903,   0.0000,   0.5166, -0.02401, -0.14733,  0.00000,  0.14927
  0.0645,   0.3226,   0.0000,   0.5260, -0.02463, -0.12788,  0.00000,  0.13023
  0.0645,   0.3548,   0.0000,   0.5340, -0.02592, -0.10722,  0.00000,  0.11030
  0.0645,   0.3871,   0.0000,   0.5406, -0.02744, -0.08521,  0.00000,  0.08952
  0.0645,   0.4194,   0.0000,   0.5457, -0.02883, -0.06194,  0.00000,  0.06832
  0.0645,   0.4516,   0.0000,   0.5490, -0.02984, -0.03762,  0.00000,  0.04802
  0.0645,   0.4839,   0.0000,   0.5505, -0.03030, -0.01262,  0.00000,  0.03283
  0.0645,   0.5161,   0.0000,   0.5505, -0.03030,  0.01262,  0.00000,  0.03283
  0.0645,   0.5484,   0.0000,   0.5490, -0.02984,  0.03762,  0.00000,  0.04802
  0.0645,   0.5806,   0.0000,   0.5457, -0.02883,  0.06194,  0.00000,  0.06832
  0.0645,   0.6129,   0.0000,   0.5406, -0.02744,  0.08521,  0.00000,  0.08952
  0.0645,   0.6452,   0.0000,   0.5340, -0.02592,  0.10722,  0.00000,  0.11030
  0.0645,   0.6774,   0.0000,   0.5260, -0.02463,  0.12788,  0.00000,  0.13023
  0.0645,   0.7097,   0.0000,   0.5166, -0.02401,  0.14733,  0.00000,  0.14927
  0.0645,   0.7419,   0.0000,   0.5059, -0.02463,  0.16590,  0.00000,  0.16772
  0.0645,   0.7742,   0.0000,   0.4937, -0.02724,  0.18411,  0.00000,  0.18611
  0.0645,   0.8065,   0.0000,   0.4796, -0.03267,  0.20250,  0.00000,  0.20512
  0.0645,   0.8387,   0.0000,   0.4627, -0.04139,  0.22116,  0.00000,  0.22500
  0.0645,   0.8710,   0.0000,   0.4417, -0.05169,  0.23847,  0.00000,  0.24401
  0.0645,   0.9032,   0.0000,   0.4155, -0.05341,  0.24798,  0.00000,  0.25367
  0.0645,   0.9355,   0.0000,   0.3859, -0.00571,  0.23199,  0.00000,  0.23206
  0.0645,   0.9677,   0.0000,   0.3710,  0.22350,  0.15409,  0.00000,  0.27147
  0.0645,   1.0000,   0.0000,   0.3712,  1.00000,  0.00000,  0.00000,  1.00000
  0.0968,   0.0000,   0.0000,   0.4557,  1.00000,  0.00000,  0.00000,  1.00000
  0.0968,   0.0323,   0.0000,   0.4428,  0.33100, -0.10594,  0.00000,  0.34754
  0.0968,   0.0645,   0.0000,   0.4318,  0.05662, -0.19390,  0.00000,  0.20200
  0.0968,   0.0968,   0.0000,   0.4399, -0.03433, -0.23735,  0.00000,  0.23982
  0.0968,   0.1290,   0.0000,   0.4533, -0.05529, -0.24976,  0.00000,  0.25581
  0.0968,   0.1613,   0.0000,   0.4674, -0.05457, -0.24609,  0.00000,  0.25206
  0.0968,   0.1935,   0.0000,   0.4807, -0.04964, -0.23446,  0.00000,  0.23966
  0.0968,   0.2258,   0.0000,   0.4929, -0.04593, -0.21863,  0.00000,  0.22340
  0.0968,   0.2581,   0.0000,   0.5040, -0.04457, -0.20007,  0.00000,  0.20498
  0.0968,   0.2903,   0.0000,   0.5141, -0.04529, -0.17930,  0.00000,  0.18493
  0.0968,   0.3226,   0.0000,   0.5231, -0.04744, -0.15642,  0.00000,  0.16346
  0.0968,   0.3548,   0.0000,   0.5310, -0.05035, -0.13151,  0.00000,  0.14082
  0.0968,   0.3871,   0.0000,   0.5374, -0.05343, -0.10468,  0.00000,  0.11752
  0.0968,   0.4194,   0.0000,   0.5424, -0.05617, -0.07617,  0.00000,  0.09464
  0.0968,   0.4516,   0.0000,   0.5456, -0.05819, -0.04631,  0.00000,  0.07437
  0.0968,   0.4839,   0.0000,   0.5470, -0.05923, -0.01556,  0.00000,  0.06124
  0.0968,   0.5161,   0.0000,   0.5470, -0.05923,  0.01556,  0.00000,  0.06124
  0.0968,   0.5484,   0.0000,   0.5456, -0.05819,  0.04631,  0.00000,  0.07437
  0.0968,   0.5806,   0.0000,   0.5424, -0.05617,  0.07617,  0.00000,  0.09464
  0.0968,   0.6129,   0.0000,   0.5374, -0.05343,  0.10468,  0.00000,  0.11752
  0.0968,   0.6452,   0.0000,   0.5310, -0.05035,  0.13151,  0.00000,  0.14082
  0.0968,   0.6774,   0.0000,   0.5231, -0.04744,  0.15642,  0.00000,  0.16346
  0.0968,   0.7097,   0.0000,   0.5141, -0.04529,  0.17930,  0.00000,  0.18493
  0.0968,   0.7419,   0.0000,   0.5040, -0.04457,  0.20007,  0.00000,  0.20498
  0.0968,   0.7742,   0.0000,   0.4929, -0.04593,  0.21863,  0.00000,  0.22340
  0.0968,   0.8065,   0.0000,   0.4807, -0.04964,  0.23446,  0.00000,  0.23966
  0.0968,   0.8387,   0.0000,   0.4674, -0.05457,  0.24609,  0.00000,  0.25206
  0.0968,   0.8710,   0.0000,   0.4533, -0.05529,  0.24976,  0.00000,  0.25581
  0.0968,   0.9032,   0.0000,   0.4399, -0.03433,  0.23735,  0.00000,  0.23982
  0.0968,   0.9355,   0.0000,   0.4318,  0.05662,  0.19390,  0.00000,  0.20200
  0.0968,   0.9677,   0.0000,   0.4428,  0.33100,  0.10594,  0.00000,  0.34754
  0.0968,   1.0000,   0.0000,   0.4557,  1.00000,  0.00000,  0.00000,  1.00000
  0.1290,   0.0000,   0.0000,   0.4914,  1.00000,  0.00000,  0.00000,  1.00000
  0.1290,   0.0323,   0.0000,   0.4782,  0.41740, -0.07434,  0.00000,  0.42397
  0.1290,   0.0645,   0.0000,   0.4614,  0.12571, -0.15529,  0.00000,  0.19980
  0.1290,   0.0968,   0.0000,   0.4594,  0.00245, -0.20907,  0.00000,  0.20909
  0.1290,   0.1290,   0.0000,   0.4647, -0.04296, -0.23577,  0.00000,  0.23966
  0.1290,   0.1613,   0.0000,   0.4730, -0.05669, -0.24382,  0.00000,  0.25033
  0.1290,   0.1935,   0.0000,   0.4826, -0.06014, -0.24024,  0.00000,  0.24765
  0.1290,   0.2258,   0.0000,   0.4926, -0.06163, -0.22918,  0.00000,  0.23732
  0.1290,   0.2581,   0.0000,   0.5023, -0.06396, -0.21292,  0.00000,  0.22232
  0.1290,   0.2903,   0.0000,   0.5116, -0.06766, -0.19267,  0.00000,  0.20421
  0.1290,   0.3226,   0.0000,   0.5202, -0.07242, -0.16911,  0.00000,  0.18397
  0.1290,   0.3548,   0.0000,   0.5277, -0.07766, -0.14271,  0.00000,  0.16247
  0.1290,   0.3871,   0.0000,   0.5341, -0.08277, -0.11384,  0.00000,  0.14076
  0.1290,   0.4194,   0.0000,   0.5389, -0.08719, -0.08295,  0.00000,  0.12035
  0.1290,   0.4516,   0.0000,   0.5421, -0.09045, -0.05047,  0.00000,  0.10358
  0.1290,   0.4839,   0.0000,   0.5435, -0.09217, -0.01696,  0.00000,  0.09372
  0.1290,   0.5161,   0.0000,   0.5435, -0.09217,  0.01696,  0.00000,  0.09372
  0.1290,   0.5484,   0.0000,   0.5421, -0.09045,  0.05047,  0.00000,  0.10358
  0.1290,   0.5806,   0.0000,   0.5389, -0.08719,  0.08295,  0.00000,  0.12035
  0.1290,   0.6129,   0.0000,   0.5341, -0.08277,  0.11384,  0.00000,  0.14076
  0.1290,   0.6452,   0.0000,   0.5277, -0.07766,  0.14271,  0.00000,  0.16247
  0.1290,   0.6774,   0.0000,   0.5202, -0.07242,  0.16911,  0.00000,  0.18397
  0.1290,   0.7097,   0.0000,   0.5116, -0.06766,  0.19267,  0.00000,  0.20421
  0.1290,   0.7419,   0.0000,   0.5023, -0.06396,  0.21292,  0.00000,  0.22232
  0.1290,   0.7742,   0.0000,   0.4926, -0.06163,  0.22918,  0.00000,  0.23732
  0.1290,   0.8065,   0.0000,   0.4826, -0.06014,  0.24024,  0.00000,  0.24765
  0.1290,   0.8387,   0.0000,   0.4730, -0.05669,  0.24382,  0.00000,  0.25033
  0.1290,   0.8710,   0.0000,   0.4647, -0.04296,  0.23577,  0.00000,  0.23966
  0.1290,   0.9032,   0.0000,   0.4594,  0.00245,  0.20907,  0.00000,  0.20909
  0.1290,   0.9355,   0.0000,   0.4614,  0.12571,  0.15529,  0.00000,  0.19980
  0.1290,   0.9677,   0.0000,   0.4782,  0.41740,  0.07434,  0.00000,  0.42397
  0.1290,   1.0000,   0.0000,   0.4914,  1.00000,  0.00000,  0.00000,  1.00000
  0.1613,   0.0000,   0.0000,   0.5067,  1.00000,  0.00000,  0.00000,  1.00000
  0.1613,   0.0323,   0.0000,   0.4954,  0.48630, -0.05394,  0.00000,  0.48928
  0.1613,   0.0645,   0.0000,   0.4789,  0.19135, -0.12430,  0.00000,  0.22817
  0.1613,   0.0968,   0.0000,   0.4728,  0.04615, -0.17888,  0.00000,  0.18473
  0.1613,   0.1290,   0.0000,   0.4732, -0.02054, -0.21274,  0.00000,  0.21373
  0.1613,   0.1613,   0.0000,   0.4776, -0.05011, -0.22864,  0.00000,  0.23406
  0.1613,   0.1935,   0.0000,   0.4842, -0.06429, -0.23161,  0.00000,  0.24037
  0.1613,   0.2258,   0.0000,   0.4920, -0.07325, -0.22536,  0.00000,  0.23697
  0.1613,   0.2581,   0.0000,   0.5004, -0.08108, -0.21229,  0.00000,  0.22725
  0.1613,   0.2903,   0.0000,   0.5089, -0.08910, -0.19393,  0.00000,  0.21342
  0.1613,   0.3226,   0.0000,   0.5169, -0.09741, -0.17130,  0.00000,  0.19706
  0.1613,   0.3548,   0.0000,   0.5241, -0.10562, -0.14515,  0.00000,  0.17951
  0.1613,   0.3871,   0.0000,   0.5303, -0.11319, -0.11609,  0.00000,  0.16214
  0.1613,   0.4194,   0.0000,   0.5351, -0.11954, -0.08471,  0.00000,  0.14651
  0.1613,   0.4516,   0.0000,   0.5382, -0.12418, -0.05158,  0.00000,  0.13447
  0.1613,   0.4839,   0.0000,   0.5395, -0.12666, -0.01734,  0.00000,  0.12784
  0.1613,   0.5161,   0.0000,   0.5395, -0.12666,  0.01734,  0.00000,  0.12784
  0.1613,   0.5484,   0.0000,   0.5382, -0.12418,  0.05158,  0.00000,  0.13447
  0.1613,   0.5806,   0.0000,   0.5351, -0.11954,  0.08471,  0.00000,  0.14651
  0.1613,   0.6129,   0.0000,   0.5303, -0.11319,  0.11609,  0.00000,  0.16214
  0.1613,   0.6452,   0.0000,   0.5241, -0.10562,  0.14515,  0.00000,  0.17951
  0.1613,   0.6774,   0.0000,   0.5169, -0.09741,  0.17130,  0.00000,  0.19706
  0.1613,   0.7097,   0.0000,   0.5089, -0.08910,  0.19393,  0.00000,  0.21342
  0.1613,   0.7419,   0.0000,   0.5004, -0.08108,  0.21229,  0.00000,  0.22725
  0.1613,   0.7742,   0.0000,   0.4920, -0.07325,  0.22536,  0.00000,  0.23697
  0.1613,   0.8065,   0.0000,   0.4842, -0.06429,  0.23161,  0.00000,  0.24037
  0.1613,   0.8387,   0.0000,   0.4776, -0.05011,  0.22864,  0.00000,  0.23406
  0.1613,   0.8710,   0.0000,   0.4732, -0.02054,  0.21274,  0.00000,  0.21373
  0.1613,   0.9032,   0.0000,   0.4728,  0.04615,  0.17888,  0.00000,  0.18473
  0.1613,   0.9355,   0.0000,   0.4789,  0.19135,  0.12430,  0.00000,  0.22817
  0.1613,   0.9677,   0.0000,   0.4954,  0.48630,  0.05394,  0.00000,  0.48928
  0.1613,   1.0000,   0.0000,   0.5067,  1.00000,  0.00000,  0.00000,  1.00000
  0.1935,   0.0000,   0.0000,   0.5122,  1.00000,  0.00000,  0.00000,  1.00000
  0.1935,   0.0323,   0.0000,   0.5029,  0.54170, -0.04035,  0.00000,  0.54320
  0.1935,   0.0645,   0.0000,   0.4882,  0.25064, -0.10045,  0.00000,  0.27002
  0.1935,   0.0968,   0.0000,   0.4806,  0.09089, -0.15207,  0.00000,  0.17716
  0.1935,   0.1290,   0.0000,   0.4786,  0.00680, -0.18804,  0.00000,  0.18816
  0.1935,   0.1613,   0.0000,   0.4804, -0.03781, -0.20844,  0.00000,  0.21185
  0.1935,   0.1935,   0.0000,   0.4848, -0.06341, -0.21606,  0.00000,  0.22517
  0.1935,   0.2258,   0.0000,   0.4909, -0.08095, -0.21382,  0.00000,  0.22863
  0.1935,   0.2581,   0.0000,   0.4981, -0.09539, -0.20392,  0.00000,  0.22513
  0.1935,   0.2903,   0.0000,   0.5057, -0.10865, -0.18793,  0.00000,  0.21708
  0.1935,   0.3226,   0.0000,   0.5132, -0.12120, -0.16703,  0.00000,  0.20637
  0.1935,   0.3548,   0.0000,   0.5201, -0.13288, -0.14212,  0.00000,  0.19456
  0.1935,   0.3871,   0.0000,   0.5261, -0.14322, -0.11397,  0.00000,  0.18303
  0.1935,   0.4194,   0.0000,   0.5307, -0.15170, -0.08328,  0.00000,  0.17306
  0.1935,   0.4516,   0.0000,   0.5338, -0.15782, -0.05075,  0.00000,  0.16578
  0.1935,   0.4839,   0.0000,   0.5351, -0.16109, -0.01706,  0.00000,  0.16199
  0.1935,   0.5161,   0.0000,   0.5351, -0.16109,  0.01706,  0.00000,  0.16199
  0.1935,   0.5484,   0.0000,   0.5338, -0.15782,  0.05075,  0.00000,  0.16578
  0.1935,   0.5806,   0.0000,   0.5307, -0.15170,  0.08328,  0.00000,  0.17306
  0.1935,   0.6129,   0.0000,   0.5261, -0.14322,  0.11397,  0.00000,  0.18303
  0.1935,   0.6452,   0.0000,   0.5201, -0.13288,  0.14212,  0.00000,  0.19456
  0.1935,   0.6774,   0.0000,   0.5132, -0.12120,  0.16703,  0.00000,  0.20637
  0.1935,   0.7097,   0.0000,   0.5057, -0.10865,  0.18793,  0.00000,  0.21708
  0.1935,   0.7419,   0.0000,   0.4981, -0.09539,  0.20392,  0.00000,  0.22513
  0.1935,   0.7742,   0.0000,   0.4909, -0.08095,  0.21382,  0.00000,  0.22863
  0.1935,   0.8065,   0.0000,   0.4848, -0.06341,  0.21606,  0.00000,  0.22517
  0.1935,   0.8387,   0.0000,   0.4804, -0.03781,  0.20844,  0.00000,  0.21185
  0.1935,   0.8710,   0.0000,   0.4786,  0.00680,  0.18804,  0.00000,  0.18816
  0.1935,   0.9032,   0.0000,   0.4806,  0.09089,  0.15207,  0.00000,  0.17716
  0.1935,   0.9355,   0.0000,   0.4882,  0.25064,  0.10045,  0.00000,  0.27002
  0.1935,   0.9677,   0.0000,   0.5029,  0.54170,  0.04035,  0.00000,  0.54320
  0.1935,   1.0000,   0.0000,   0.5122,  1.00000,  0.00000,  0.00000,  1.00000
  0.2258,   0.0000,   0.0000,   0.5124,  1.00000,  0.00000,  0.00000,  1.00000
  0.2258,   0.0323,   0.0000,   0.5048,  0.58675, -0.03095,  0.00000,  0.58757
  0.2258,   0.0645,   0.0000,   0.4921,  0.30307, -0.08209,  0.00000,  0.31399
  0.2258,   0.0968,   0.0000,   0.4844,  0.13373, -0.12937,  0.00000,  0.18607
  0.2258,   0.1290,   0.0000,   0.4812,  0.03584, -0.16481,  0.00000,  0.16866
  0.2258,   0.1613,   0.0000,   0.4814, -0.02208, -0.18732,  0.00000,  0.18862
  0.2258,   0.1935,   0.0000,   0.4843, -0.05891, -0.19788,  0.00000,  0.20647
  0.2258,   0.2258,   0.0000,   0.4891, -0.08539, -0.19868,  0.00000,  0.21625
  0.2258,   0.2581,   0.0000,   0.4953, -0.10696, -0.19154,  0.00000,  0.21938
  0.2258,   0.2903,   0.0000,   0.5021, -0.12599, -0.17794,  0.00000,  0.21802
  0.2258,   0.3226,   0.0000,   0.5091, -0.14323, -0.15905,  0.00000,  0.21403
  0.2258,   0.3548,   0.0000,   0.5157, -0.15869, -0.13585,  0.00000,  0.20889
  0.2258,   0.3871,   0.0000,   0.5215, -0.17202, -0.10921,  0.00000,  0.20376
  0.2258,   0.4194,   0.0000,   0.5260, -0.18276, -0.07992,  0.00000,  0.19947
  0.2258,   0.4516,   0.0000,   0.5290, -0.19041, -0.04873,  0.00000,  0.19654
  0.2258,   0.4839,   0.0000,   0.5303, -0.19447, -0.01638,  0.00000,  0.19516
  0.2258,   0.5161,   0.0000,   0.5303, -0.19447,  0.01638,  0.00000,  0.19516
  0.2258,   0.5484,   0.0000,   0.5290, -0.19041,  0.04873,  0.00000,  0.19654
  0.2258,   0.5806,   0.0000,   0.5260, -0.18276,  0.07992,  0.00000,  0.19947
  0.2258,   0.6129,   0.0000,   0.5215, -0.17202,  0.10921,  0.00000,  0.20376
  0.2258,   0.6452,   0.0000,   0.5157, -0.15869,  0.13585,  0.00000,  0.20889
  0.2258,   0.6774,   0.0000,   0.5091, -0.14323,  0.15905,  0.00000,  0.21403
  0.2258,   0.7097,   0.0000,   0.5021, -0.12599,  0.17794,  0.00000,  0.21802
  0.2258,   0.7419,   0.0000,   0.4953, -0.10696,  0.19154,  0.00000,  0.21938
  0.2258,   0.7742,   0.0000,   0.4891, -0.08539,  0.19868,  0.00000,  0.21625
  0.2258,   0.8065,   0.0000,   0.4843, -0.05891,  0.19788,  0.00000,  0.20647
  0.2258,   0.8387,   0.0000,   0.4814, -0.02208,  0.18732,  0.00000,  0.18862
  0.2258,   0.8710,   0.0000,   0.4812,  0.03584,  0.16481,  0.00000,  0.16866
  0.2258,   0.9032,   0.0000,   0.4844,  0.13373,  0.12937,  0.00000,  0.18607
  0.2258,   0.9355,   0.0000,   0.4921,  0.30307,  0.08209,  0.00000,  0.31399
  0.2258,   0.9677,   0.0000,   0.5048,  0.58675,  0.03095,  0.00000,  0.58757
  0.2258,   1.0000,   0.0000,   0.5124,  1.00000,  0.00000,  0.00000,  1.00000
  0.2581,   0.0000,   0.0000,   0.5097,  1.00000,  0.00000,  0.00000,  1.00000
  0.2581,   0.0323,   0.0000,   0.5034,  0.62379, -0.02423,  0.00000,  0.62426
  0.2581,   0.0645,   0.0000,   0.4926,  0.34906, -0.06779,  0.00000,  0.35558
  0.2581,   0.0968,   0.0000,   0.4853,  0.17361, -0.11045,  0.00000,  0.20577
  0.2581,   0.1290,   0.0000,   0.4816,  0.06475, -0.14420,  0.00000,  0.15807
  0.2581,   0.1613,   0.0000,   0.4810, -0.00474, -0.16711,  0.00000,  0.16717
  0.2581,   0.1935,   0.0000,   0.4828, -0.05205, -0.17935,  0.00000,  0.18675
  0.2581,   0.2258,   0.0000,   0.4867, -0.08730, -0.18230,  0.00000,  0.20213
  0.2581,   0.2581,   0.0000,   0.4920, -0.11613, -0.17741,  0.00000,  0.21204
  0.2581,   0.2903,   0.0000,   0.4983, -0.14114, -0.16596,  0.00000,  0.21786
  0.2581,   0.3226,   0.0000,   0.5048, -0.16329, -0.14907,  0.00000,  0.22111
  0.2581,   0.3548,   0.0000,   0.5111, -0.18271, -0.12776,  0.00000,  0.22295
  0.2581,   0.3871,   0.0000,   0.5166, -0.19914, -0.10292,  0.00000,  0.22416
  0.2581,   0.4194,   0.0000,   0.5211, -0.21218, -0.07540,  0.00000,  0.22518
  0.2581,   0.4516,   0.0000,   0.5241, -0.22136, -0.04599,  0.00000,  0.22609
  0.2581,   0.4839,   0.0000,   0.5254, -0.22620, -0.01546,  0.00000,  0.22673
  0.2581,   0.5161,   0.0000,   0.5254, -0.22620,  0.01546,  0.00000,  0.22673
  0.2581,   0.5484,   0.0000,   0.5241, -0.22136,  0.04599,  0.00000,  0.22609
  0.2581,   0.5806,   0.0000,   0.5211, -0.21218,  0.07540,  0.00000,  0.22518
  0.2581,   0.6129,   0.0000,   0.5166, -0.19914,  0.10292,  0.00000,  0.22416
  0.2581,   0.6452,   0.0000,   0.5111, -0.18271,  0.12776,  0.00000,  0.22295
  0.2581,   0.6774,   0.0000,   0.5048, -0.16329,  0.14907,  0.00000,  0.22111
  0.2581,   0.7097,   0.0000,   0.4983, -0.14114,  0.16596,  0.00000,  0.21786
  0.2581,   0.7419,   0.0000,   0.4920, -0.11613,  0.17741,  0.00000,  0.21204
  0.2581,   0.7742,   0.0000,   0.4867, -0.08730,  0.18230,  0.00000,  0.20213
  0.2581,   0.8065,   0.0000,   0.4828, -0.05205,  0.17935,  0.00000,  0.18675
  0.2581,   0.8387,   0.0000,   0.4810, -0.00474,  0.16711,  0.00000,  0.16717
  0.2581,   0.8710,   0.0000,   0.4816,  0.06475,  0.14420,  0.00000,  0.15807
  0.2581,   0.9032,   0.0000,   0.4853,  0.17361,  0.11045,  0.00000,  0.20577
  0.2581,   0.9355,   0.0000,   0.4926,  0.34906,  0.06779,  0.00000,  0.35558
  0.2581,   0.9677,   0.0000,   0.5034,  0.62379,  0.02423,  0.00000,  0.62426
  0.2581,   1.0000,   0.0000,   0.5097,  1.00000,  0.00000,  0.00000,  1.00000
  0.2903,   0.0000,   0.0000,   0.5054,  1.00000,  0.00000,  0.00000,  1.00000
  0.2903,   0.0323,   0.0000,   0.5001,  0.65454, -0.01929,  0.00000,  0.65483
  0.2903,   0.0645,   0.0000,   0.4909,  0.38928, -0.05648,  0.00000,  0.39336
  0.2903,   0.0968,   0.0000,   0.4843,  0.21014, -0.09466,  0.00000,  0.23048
  0.2903,   0.1290,   0.0000,   0.4805,  0.09250, -0.12615,  0.00000,  0.15643
  0.2903,   0.1613,   0.0000,   0.4794,  0.01307, -0.14852,  0.00000,  0.14909
  0.2903,   0.1935,   0.0000,   0.4806, -0.04371, -0.16155,  0.00000,  0.16736
  0.2903,   0.2258,   0.0000,   0.4838, -0.08733, -0.16594,  0.00000,  0.18751
  0.2903,   0.2581,   0.0000,   0.4885, -0.12331, -0.16276,  0.00000,  0.20419
  0.2903,   0.2903,   0.0000,   0.4942, -0.15432, -0.15313,  0.00000,  0.21740
  0.2903,   0.3226,   0.0000,   0.5004, -0.18143, -0.13810,  0.00000,  0.22801
  0.2903,   0.3548,   0.0000,   0.5064, -0.20484, -0.11865,  0.00000,  0.23673
  0.2903,   0.3871,   0.0000,   0.5118, -0.22438, -0.09572,  0.00000,  0.24394
  0.2903,   0.4194,   0.0000,   0.5161, -0.23968, -0.07017,  0.00000,  0.24974
  0.2903,   0.4516,   0.0000,   0.5190, -0.25034, -0.04281,  0.00000,  0.25398
  0.2903,   0.4839,   0.0000,   0.5203, -0.25593, -0.01439,  0.00000,  0.25633
  0.2903,   0.5161,   0.0000,   0.5203, -0.25593,  0.01439,  0.00000,  0.25633
  0.2903,   0.5484,   0.0000,   0.5190, -0.25034,  0.04281,  0.00000,  0.25398
  0.2903,   0.5806,   0.0000,   0.5161, -0.23968,  0.07017,  0.00000,  0.24974
  0.2903,   0.6129,   0.0000,   0.5118, -0.22438,  0.09572,  0.00000,  0.24394
  0.2903,   0.6452,   0.0000,   0.5064, -0.20484,  0.11865,  0.00000,  0.23673
  0.2903,   0.6774,   0.0000,   0.5004, -0.18143,  0.13810,  0.00000,  0.22801
  0.2903,   0.7097,   0.0000,   0.4942, -0.15432,  0.15313,  0.00000,  0.21740
  0.2903,   0.7419,   0.0000,   0.4885, -0.12331,  0.16276,  0.00000,  0.20419
  0.2903,   0.7742,   0.0000,   0.4838, -0.08733,  0.16594,  0.00000,  0.18751
  0.2903,   0.8065,   0.0000,   0.4806, -0.04371,  0.16155,  0.00000,  0.16736
  0.2903,   0.8387,   0.0000,   0.4794,  0.01307,  0.14852,  0.00000,  0.14909
  0.2903,   0.8710,   0.0000,   0.4805,  0.09250,  0.12615,  0.00000,  0.15643
  0.2903,   0.9032,   0.0000,   0.4843,  0.21014,  0.09466,  0.00000,  0.23048
  0.2903,   0.9355,   0.0000,   0.4909,  0.38928,  0.05648,  0.00000,  0.39336
  0.2903,   0.9677,   0.0000,   0.5001,  0.65454,  0.01929,  0.00000,  0.65483
  0.2903,   1.0000,   0.0000,   0.5054,  1.00000,  0.00000,  0.00000,  1.00000
  0.3226,   0.0000,   0.0000,   0.5002,  1.00000,  0.00000,  0.00000,  1.00000
  0.3226,   0.0323,   0.0000,   0.4958,  0.68028, -0.01556,  0.00000,  0.68045
  0.3226,   0.0645,   0.0000,   0.4879,  0.42443, -0.04738,  0.00000,  0.42706
  0.3226,   0.0968,   0.0000,   0.4819,  0.24329, -0.08139,  0.00000,  0.25654
  0.3226,   0.1290,   0.0000,   0.4782,  0.11861, -0.11041,  0.00000,  0.16204
  0.3226,   0.1613,   0.0000,   0.4770,  0.03066, -0.13176,  0.00000,  0.13528
  0.3226,   0.1935,   0.0000,   0.4778, -0.03464, -0.14492,  0.00000,  0.14900
  0.3226,   0.2258,   0.0000,   0.4805, -0.08609, -0.15011,  0.00000,  0.17304
  0.3226,   0.2581,   0.0000,   0.4848, -0.12894, -0.14816,  0.00000,  0.19641
  0.3226,   0.2903,   0.0000,   0.4901, -0.16580, -0.14001,  0.00000,  0.21701
  0.3226,   0.3226,   0.0000,   0.4960, -0.19777, -0.12662,  0.00000,  0.23483
  0.3226,   0.3548,   0.0000,   0.5017, -0.22509, -0.10895,  0.00000,  0.25007
  0.3226,   0.3871,   0.0000,   0.5070, -0.24763, -0.08794,  0.00000,  0.26278
  0.3226,   0.4194,   0.0000,   0.5112, -0.26509, -0.06446,  0.00000,  0.27281
  0.3226,   0.4516,   0.0000,   0.5141, -0.27714, -0.03931,  0.00000,  0.27992
  0.3226,   0.4839,   0.0000,   0.5155, -0.28340, -0.01321,  0.00000,  0.28371
  0.3226,   0.5161,   0.0000,   0.5155, -0.28340,  0.01321,  0.00000,  0.28371
  0.3226,   0.5484,   0.0000,   0.5141, -0.27714,  0.03931,  0.00000,  0.27992
  0.3226,   0.5806,   0.0000,   0.5112, -0.26509,  0.06446,  0.00000,  0.27281
  0.3226,   0.6129,   0.0000,   0.5070, -0.24763,  0.08794,  0.00000,  0.26278
  0.3226,   0.6452,   0.0000,   0.5017, -0.22509,  0.10895,  0.00000,  0.25007
  0.3226,   0.6774,   0.0000,   0.4960, -0.19777,  0.12662,  0.00000,  0.23483
  0.3226,   0.7097,   0.0000,   0.4901, -0.16580,  0.14001,  0.00000,  0.21701
  0.3226,   0.7419,   0.0000,   0.4848, -0.12894,  0.14816,  0.00000,  0.19641
  0.3226,   0.7742,   0.0000,   0.4805, -0.08609,  0.15011,  0.00000,  0.17304
  0.3226,   0.8065,   0.0000,   0.4778, -0.03464,  0.14492,  0.00000,  0.14900
  0.3226,   0.8387,   0.0000,   0.4770,  0.03066,  0.13176,  0.00000,  0.13528
  0.3226,   0.8710,   0.0000,   0.4782,  0.11861,  0.11041,  0.00000,  0.16204
  0.3226,   0.9032,   0.0000,   0.4819,  0.24329,  0.08139,  0.00000,  0.25654
  0.3226,   0.9355,   0.0000,   0.4879,  0.42443,  0.04738,  0.00000,  0.42706
  0.3226,   0.9677,   0.0000,   0.4958,  0.68028,  0.01556,  0.00000,  0.68045
  0.3226,   1.0000,   0.0000,   0.5002,  1.00000,  0.00000,  0.00000,  1.00000
  0.3548,   0.0000,   0.0000,   0.4946,  1.00000,  0.00000,  0.00000,  1.00000
  0.3548,   0.0323,   0.0000,   0.4909,  0.70193, -0.01266,  0.00000,  0.70204
  0.3548,   0.0645,   0.0000,   0.4841,  0.45511, -0.03992,  0.00000,  0.45686
  0.3548,   0.0968,   0.0000,   0.4788,  0.27317, -0.07008,  0.00000,  0.28201
  0.3548,   0.1290,   0.0000,   0.4754,  0.14286, -0.09656,  0.00000,  0.17243
  0.3548,   0.1613,   0.0000,   0.4740,  0.04757, -0.11658,  0.00000,  0.12592
  0.3548,   0.1935,   0.0000,   0.4747, -0.02536, -0.12937,  0.00000,  0.13183
  0.3548,   0.2258,   0.0000,   0.4771, -0.08409, -0.13490,  0.00000,  0.15896
  0.3548,   0.2581,   0.0000,   0.4811, -0.13341, -0.13376,  0.00000,  0.18892
  0.3548,   0.2903,   0.0000,   0.4861, -0.17587, -0.12676,  0.00000,  0.21679
  0.3548,   0.3226,   0.0000,   0.4917, -0.21249, -0.11479,  0.00000,  0.24151
  0.3548,   0.3548,   0.0000,   0.4974, -0.24352, -0.09879,  0.00000,  0.26280
  0.3548,   0.3871,   0.0000,   0.5025, -0.26887, -0.07968,  0.00000,  0.28043
  0.3548,   0.4194,   0.0000,   0.5067, -0.28831, -0.05835,  0.00000,  0.29415
  0.3548,   0.4516,   0.0000,   0.5096, -0.30160, -0.03554,  0.00000,  0.30368
  0.3548,   0.4839,   0.0000,   0.5110, -0.30844, -0.01193,  0.00000,  0.30867
  0.3548,   0.5161,   0.0000,   0.5110, -0.30844,  0.01193,  0.00000,  0.30867
  0.3548,   0.5484,   0.0000,   0.5096, -0.30160,  0.03554,  0.00000,  0.30368
  0.3548,   0.5806,   0.0000,   0.5067, -0.28831,  0.05835,  0.00000,  0.29415
  0.3548,   0.6129,   0.0000,   0.5025, -0.26887,  0.07968,  0.00000,  0.28043
  0.3548,   0.6452,   0.0000,   0.4974, -0.24352,  0.09879,  0.00000,  0.26280
  0.3548,   0.6774,   0.0000,   0.4917, -0.21249,  0.11479,  0.00000,  0.24151
  0.3548,   0.7097,   0.0000,   0.4861, -0.17587,  0.12676,  0.00000,  0.21679
  0.3548,   0.7419,   0.0000,   0.4811, -0.13341,  0.13376,  0.00000,  0.18892
  0.3548,   0.7742,   0.0000,   0.4771, -0.08409,  0.13490,  0.00000,  0.15896
  0.3548,   0.8065,   0.0000,   0.4747, -0.02536,  0.12937,  0.00000,  0.13183
  0.3548,   0.8387,   0.0000,   0.4740,  0.04757,  0.11658,  0.00000,  0.12592
  0.3548,   0.8710,   0.0000,   0.4754,  0.14286,  0.09656,  0.00000,  0.17243
  0.3548,   0.9032,   0.0000,   0.4788,  0.27317,  0.07008,  0.00000,  0.28201
  0.3548,   0.9355,   0.0000,   0.4841,  0.45511,  0.03992,  0.00000,  0.45686
  0.3548,   0.9677,   0.0000,   0.4909,  0.70193,  0.01266,  0.00000,  0.70204
  0.3548,   1.0000,   0.0000,   0.4946,  1.00000,  0.00000,  0.00000,  1.00000
  0.3871,   0.0000,   0.0000,   0.4891,  1.00000,  0.00000,  0.00000,  1.00000
  0.3871,   0.0323,   0.0000,   0.4859,  0.72019, -0.01033,  0.00000,  0.72027
  0.3871,   0.0645,   0.0000,   0.4800,  0.48184, -0.03364,  0.00000,  0.48302
  0.3871,   0.0968,   0.0000,   0.4753,  0.29993, -0.06023,  0.00000,  0.30592
  0.3871,   0.1290,   0.0000,   0.4721,  0.16512, -0.08415,  0.00000,  0.18533
  0.3871,   0.1613,   0.0000,   0.4708,  0.06347, -0.10262,  0.00000,  0.12066
  0.3871,   0.1935,   0.0000,   0.4714, -0.01632, -0.11466,  0.00000,  0.11582
  0.3871,   0.2258,   0.0000,   0.4736, -0.08170, -0.12014,  0.00000,  0.14529
  0.3871,   0.2581,   0.0000,   0.4774, -0.13708, -0.11946,  0.00000,  0.18182
  0.3871,   0.2903,   0.0000,   0.4823, -0.18478, -0.11331,  0.00000,  0.21675
  0.3871,   0.3226,   0.0000,   0.4879, -0.22574, -0.10256,  0.00000,  0.24795
  0.3871,   0.3548,   0.0000,   0.4934, -0.26019, -0.08812,  0.00000,  0.27471
  0.3871,   0.3871,   0.0000,   0.4985, -0.28807, -0.07093,  0.00000,  0.29667
  0.3871,   0.4194,   0.0000,   0.5027, -0.30923, -0.05181,  0.00000,  0.31354
  0.3871,   0.4516,   0.0000,   0.5056, -0.32356, -0.03150,  0.00000,  0.32509
  0.3871,   0.4839,   0.0000,   0.5070, -0.33088, -0.01056,  0.00000,  0.33104
  0.3871,   0.5161,   0.0000,   0.5070, -0.33088,  0.01056,  0.00000,  0.33104
  0.3871,   0.5484,   0.0000,   0.5056, -0.32356,  0.03150,  0.00000,  0.32509
  0.3871,   0.5806,   0.0000,   0.5027, -0.30923,  0.05181,  0.00000,  0.31354
  0.3871,   0.6129,   0.0000,   0.4985, -0.28807,  0.07093,  0.00000,  0.29667
  0.3871,   0.6452,   0.0000,   0.4934, -0.26019,  0.08812,  0.00000,  0.27471
  0.3871,   0.6774,   0.0000,   0.4879, -0.22574,  0.10256,  0.00000,  0.24795
  0.3871,   0.7097,   0.0000,   0.4823, -0.18478,  0.11331,  0.00000,  0.21675
  0.3871,   0.7419,   0.0000,   0.4774, -0.13708,  0.11946,  0.00000,  0.18182
  0.3871,   0.7742,   0.0000,   0.4736, -0.08170,  0.12014,  0.00000,  0.14529
  0.3871,   0.8065,   0.0000,   0.4714, -0.01632,  0.11466,  0.00000,  0.11582
  0.3871,   0.8387,   0.0000,   0.4708,  0.06347,  0.10262,  0.00000,  0.12066
  0.3871,   0.8710,   0.0000,   0.4721,  0.16512,  0.08415,  0.00000,  0.18533
  0.3871,   0.9032,   0.0000,   0.4753,  0.29993,  0.06023,  0.00000,  0.30592
  0.3871,   0.9355,   0.0000,   0.4800,  0.48184,  0.03364,  0.00000,  0.48302
  0.3871,   0.9677,   0.0000,   0.4859,  0.72019,  0.01033,  0.00000,  0.72027
  0.3871,   1.0000,   0.0000,   0.4891,  1.00000,  0.00000,  0.00000,  1.00000
  0.4194,   0.0000,   0.0000,   0.4838,  1.00000,  0.00000,  0.00000,  1.00000
  0.4194,   0.0323,   0.0000,   0.4811,  0.73557, -0.00839,  0.00000,  0.73561
  0.4194,   0.0645,   0.0000,   0.4760,  0.50501, -0.02819,  0.00000,  0.50580
  0.4194,   0.0968,   0.0000,   0.4717,  0.32368, -0.05142,  0.00000,  0.32774
  0.4194,   0.1290,   0.0000,   0.4688,  0.18525, -0.07274,  0.00000,  0.19902
  0.4194,   0.1613,   0.0000,   0.4676,  0.07808, -0.08944,  0.00000,  0.11873
  0.4194,   0.1935,   0.0000,   0.4681, -0.00785, -0.10045,  0.00000,  0.10075
  0.4194,   0.2258,   0.0000,   0.4703, -0.07929, -0.10553,  0.00000,  0.13200
  0.4194,   0.2581,   0.0000,   0.4741, -0.14024, -0.10498,  0.00000,  0.17518
  0.4194,   0.2903,   0.0000,   0.4789, -0.19277, -0.09944,  0.00000,  0.21690
  0.4194,   0.3226,   0.0000,   0.4845, -0.23768, -0.08973,  0.00000,  0.25405
  0.4194,   0.3548,   0.0000,   0.4901, -0.27515, -0.07679,  0.00000,  0.28567
  0.4194,   0.3871,   0.0000,   0.4952, -0.30518, -0.06154,  0.00000,  0.31132
  0.4194,   0.4194,   0.0000,   0.4995, -0.32773, -0.04477,  0.00000,  0.33077
  0.4194,   0.4516,   0.0000,   0.5025, -0.34285, -0.02713,  0.00000,  0.34392
  0.4194,   0.4839,   0.0000,   0.5039, -0.35050, -0.00908,  0.00000,  0.35062
  0.4194,   0.5161,   0.0000,   0.5039, -0.35050,  0.00908,  0.00000,  0.35062
  0.4194,   0.5484,   0.0000,   0.5025, -0.34285,  0.02713,  0.00000,  0.34392
  0.4194,   0.5806,   0.0000,   0.4995, -0.32773,  0.04477,  0.00000,  0.33077
  0.4194,   0.6129,   0.0000,   0.4952, -0.30518,  0.06154,  0.00000,  0.31132
  0.4194,   0.6452,   0.0000,   0.4901, -0.27515,  0.07679,  0.00000,  0.28567
  0.4194,   0.6774,   0.0000,   0.4845, -0.23768,  0.08973,  0.00000,  0.25405
  0.4194,   0.7097,   0.0000,   0.4789, -0.19277,  0.09944,  0.00000,  0.21690
  0.4194,   0.7419,   0.0000,   0.4741, -0.14024,  0.10498,  0.00000,  0.17518
  0.4194,   0.7742,   0.0000,   0.4703, -0.07929,  0.10553,  0.00000,  0.13200
  0.4194,   0.8065,   0.0000,   0.4681, -0.00785,  0.10045,  0.00000,  0.10075
  0.4194,   0.8387,   0.0000,   0.4676,  0.07808,  0.08944,  0.00000,  0.11873
  0.4194,   0.8710,   0.0000,   0.4688,  0.18525,  0.07274,  0.00000,  0.19902
  0.4194,   0.9032,   0.0000,   0.4717,  0.32368,  0.05142,  0.00000,  0.32774
  0.4194,   0.9355,   0.0000,   0.4760,  0.50501,  0.02819,  0.00000,  0.50580
  0.4194,   0.9677,   0.0000,   0.4811,  0.73557,  0.00839,  0.00000,  0.73561
  0.4194,   1.0000,   0.0000,   0.4838,  1.00000,  0.00000,  0.00000,  1.00000
  0.4516,   0.0000,   0.0000,   0.4790,  1.00000,  0.00000,  0.00000,  1.00000
  0.4516,   0.0323,   0.0000,   0.4767,  0.74838, -0.00669,  0.00000,  0.74841
  0.4516,   0.0645,   0.0000,   0.4723,  0.52487, -0.02328,  0.00000,  0.52539
  0.4516,   0.0968,   0.0000,   0.4684,  0.34447, -0.04325,  0.00000,  0.34718
  0.4516,   0.1290,   0.0000,   0.4657,  0.20313, -0.06187,  0.00000,  0.21235
  0.4516,   0.1613,   0.0000,   0.4646,  0.09118, -0.07658,  0.00000,  0.11907
  0.4516,   0.1935,   0.0000,   0.4652, -0.00023, -0.08626,  0.00000,  0.08626
  0.4516,   0.2258,   0.0000,   0.4674, -0.07717, -0.09065,  0.00000,  0.11905
  0.4516,   0.2581,   0.0000,   0.4712, -0.14317, -0.08995,  0.00000,  0.16908
  0.4516,   0.2903,   0.0000,   0.4761, -0.20003, -0.08478,  0.00000,  0.21725
  0.4516,   0.3226,   0.0000,   0.4818, -0.24838, -0.07600,  0.00000,  0.25975
  0.4516,   0.3548,   0.0000,   0.4875, -0.28839, -0.06455,  0.00000,  0.29552
  0.4516,   0.3871,   0.0000,   0.4928, -0.32009, -0.05133,  0.00000,  0.32418
  0.4516,   0.4194,   0.0000,   0.4972, -0.34364, -0.03708,  0.00000,  0.34563
  0.4516,   0.4516,   0.0000,   0.5003, -0.35925, -0.02235,  0.00000,  0.35994
  0.4516,   0.4839,   0.0000,   0.5019, -0.36708, -0.00746,  0.00000,  0.36716
  0.4516,   0.5161,   0.0000,   0.5019, -0.36708,  0.00746,  0.00000,  0.36716
  0.4516,   0.5484,   0.0000,   0.5003, -0.35925,  0.02235,  0.00000,  0.35994
  0.4516,   0.5806,   0.0000,   0.4972, -0.34364,  0.03708,  0.00000,  0.34563
  0.4516,   0.6129,   0.0000,   0.4928, -0.32009,  0.05133,  0.00000,  0.32418
  0.4516,   0.6452,   0.0000,   0.4875, -0.28839,  0.06455,  0.00000,  0.29552
  0.4516,   0.6774,   0.0000,   0.4818, -0.24838,  0.07600,  0.00000,  0.25975
  0.4516,   0.7097,   0.0000,   0.4761, -0.20003,  0.08478,  0.00000,  0.21725
  0.4516,   0.7419,   0.0000,   0.4712, -0.14317,  0.08995,  0.00000,  0.16908
  0.4516,   0.7742,   0.0000,   0.4674, -0.07717,  0.09065,  0.00000,  0.11905
  0.4516,   0.8065,   0.0000,   0.4652, -0.00023,  0.08626,  0.00000,  0.08626
  0.4516,   0.8387,   0.0000,   0.4646,  0.09118,  0.07658,  0.00000,  0.11907
  0.4516,   0.8710,   0.0000,   0.4657,  0.20313,  0.06187,  0.00000,  0.21235
  0.4516,   0.9032,   0.0000,   0.4684,  0.34447,  0.04325,  0.00000,  0.34718
  0.4516,   0.9355,   0.0000,   0.4723,  0.52487,  0.02328,  0.00000,  0.52539
  0.4516,   0.9677,   0.0000,   0.4767,  0.74838,  0.00669,  0.00000,  0.74841
  0.4516,   1.0000,   0.0000,   0.4790,  1.00000,  0.00000,  0.00000,  1.00000
  0.4839,   0.0000,   0.0000,   0.4751,  1.00000,  0.00000,  0.00000,  1.00000
  0.4839,   0.0323,   0.0000,   0.4732,  0.75884, -0.00513,  0.00000,  0.75886
  0.4839,   0.0645,   0.0000,   0.4692,  0.54157, -0.01864,  0.00000,  0.54189
  0.4839,   0.0968,   0.0000,   0.4657,  0.36228, -0.03536,  0.00000,  0.36400
  0.4839,   0.1290,   0.0000,   0.4632,  0.21858, -0.05114,  0.00000,  0.22448
  0.4839,   0.1613,   0.0000,   0.4621,  0.10247, -0.06359,  0.00000,  0.12060
  0.4839,   0.1935,   0.0000,   0.4627,  0.00622, -0.07164,  0.00000,  0.07191
  0.4839,   0.2258,   0.0000,   0.4650, -0.07561, -0.07501,  0.00000,  0.10650
  0.4839,   0.2581,   0.0000,   0.4689, -0.14611, -0.07388,  0.00000,  0.16372
  0.4839,   0.2903,   0.0000,   0.4741, -0.20671, -0.06890,  0.00000,  0.21789
  0.4839,   0.3226,   0.0000,   0.4799, -0.25790, -0.06098,  0.00000,  0.26501
  0.4839,   0.3548,   0.0000,   0.4860, -0.29982, -0.05108,  0.00000,  0.30414
  0.4839,   0.3871,   0.0000,   0.4915, -0.33264, -0.04006,  0.00000,  0.33505
  0.4839,   0.4194,   0.0000,   0.4961, -0.35671, -0.02859,  0.00000,  0.35785
  0.4839,   0.4516,   0.0000,   0.4994, -0.37248, -0.01707,  0.00000,  0.37287
  0.4839,   0.4839,   0.0000,   0.5011, -0.38031, -0.00566,  0.00000,  0.38035
  0.4839,   0.5161,   0.0000,   0.5011, -0.38031,  0.00566,  0.00000,  0.38035
  0.4839,   0.5484,   0.0000,   0.4994, -0.37248,  0.01707,  0.00000,  0.37287
  0.4839,   0.5806,   0.0000,   0.4961, -0.35671,  0.02859,  0.00000,  0.35785
  0.4839,   0.6129,   0.0000,   0.4915, -0.33264,  0.04006,  0.00000,  0.33505
  0.4839,   0.6452,   0.0000,   0.4860, -0.29982,  0.05108,  0.00000,  0.30414
  0.4839,   0.6774,   0.0000,   0.4799, -0.25790,  0.06098,  0.00000,  0.26501
  0.4839,   0.7097,   0.0000,   0.4741, -0.20671,  0.06890,  0.00000,  0.21789
  0.4839,   0.7419,   0.0000,   0.4689, -0.14611,  0.07388,  0.00000,  0.16372
  0.4839,   0.7742,   0.0000,   0.4650, -0.07561,  0.07501,  0.00000,  0.10650
  0.4839,   0.8065,   0.0000,   0.4627,  0.00622,  0.07164,  0.00000,  0.07191
  0.4839,   0.8387,   0.0000,   0.4621,  0.10247,  0.06359,  0.00000,  0.12060
  0.4839,   0.8710,   0.0000,   0.4632,  0.21858,  0.05114,  0.00000,  0.22448
  0.4839,   0.9032,   0.0000,   0.4657,  0.36228,  0.03536,  0.00000,  0.36400
  0.4839,   0.9355,   0.0000,   0.4692,  0.54157,  0.01864,  0.00000,  0.54189
  0.4839,   0.9677,   0.0000,   0.4732,  0.75884,  0.00513,  0.00000,  0.75886
  0.4839,   1.0000,   0.0000,   0.4751,  1.00000,  0.00000,  0.00000,  1.00000
  0.5161,   0.0000,   0.0000,   0.4724,  1.00000,  0.00000,  0.00000,  1.00000
  0.5161,   0.0323,   0.0000,   0.4707,  0.76702, -0.00360,  0.00000,  0.76703
  0.5161,   0.0645,   0.0000,   0.4672,  0.55510, -0.01405,  0.00000,  0.55528
  0.5161,   0.0968,   0.0000,   0.4639,  0.37697, -0.02739,  0.00000,  0.37796
  0.5161,   0.1290,   0.0000,   0.4614,  0.23137, -0.04009,  0.00000,  0.23482
  0.5161,   0.1613,   0.0000,   0.4604,  0.11168, -0.04998,  0.00000,  0.12236
  0.5161,   0.1935,   0.0000,   0.4610,  0.01118, -0.05606,  0.00000,  0.05716
  0.5161,   0.2258,   0.0000,   0.4634, -0.07493, -0.05805,  0.00000,  0.09479
  0.5161,   0.2581,   0.0000,   0.4676, -0.14928, -0.05622,  0.00000,  0.15951
  0.5161,   0.2903,   0.0000,   0.4730, -0.21292, -0.05130,  0.00000,  0.21901
  0.5161,   0.3226,   0.0000,   0.4793, -0.26620, -0.04424,  0.00000,  0.26986
  0.5161,   0.3548,   0.0000,   0.4857, -0.30931, -0.03603,  0.00000,  0.31140
  0.5161,   0.3871,   0.0000,   0.4916, -0.34258, -0.02747,  0.00000,  0.34368
  0.5161,   0.4194,   0.0000,   0.4965, -0.36663, -0.01910,  0.00000,  0.36713
  0.5161,   0.4516,   0.0000,   0.5000, -0.38217, -0.01119,  0.00000,  0.38234
  0.5161,   0.4839,   0.0000,   0.5018, -0.38982, -0.00367,  0.00000,  0.38983
  0.5161,   0.5161,   0.0000,   0.5018, -0.38982,  0.00367,  0.00000,  0.38983
  0.5161,   0.5484,   0.0000,   0.5000, -0.38217,  0.01119,  0.00000,  0.38234
  0.5161,   0.5806,   0.0000,   0.4965, -0.36663,  0.01910,  0.00000,  0.36713
  0.5161,   0.6129,   0.0000,   0.4916, -0.34258,  0.02747,  0.00000,  0.34368
  0.5161,   0.6452,   0.0000,   0.4857, -0.30931,  0.03603,  0.00000,  0.31140
  0.5161,   0.6774,   0.0000,   0.4793, -0.26620,  0.04424,  0.00000,  0.26986
  0.5161,   0.7097,   0.0000,   0.4730, -0.21292,  0.05130,  0.00000,  0.21901
  0.5161,   0.7419,   0.0000,   0.4676, -0.14928,  0.05622,  0.00000,  0.15951
  0.5161,   0.7742,   0.0000,   0.4634, -0.07493,  0.05805,  0.00000,  0.09479
  0.5161,   0.8065,   0.0000,   0.4610,  0.01118,  0.05606,  0.00000,  0.05716
  0.5161,   0.8387,   0.0000,   0.4604,  0.11168,  0.04998,  0.00000,  0.12236
  0.5161,   0.8710,   0.0000,   0.4614,  0.23137,  0.04009,  0.00000,  0.23482
  0.5161,   0.9032,   0.0000,   0.4639,  0.37697,  0.02739,  0.00000,  0.37796
  0.5161,   0.9355,   0.0000,   0.4672,  0.55510,  0.01405,  0.00000,  0.55528
  0.5161,   0.9677,   0.0000,   0.4707,  0.76702,  0.00360,  0.00000,  0.76703
  0.5161,   1.0000,   0.0000,   0.4724,  1.00000,  0.00000,  0.00000,  1.00000
  0.5484,   0.0000,   0.0000,   0.4713,  1.00000,  0.00000,  0.00000,  1.00000
  0.5484,   0.0323,   0.0000,   0.4698,  0.77289, -0.00201,  0.00000,  0.77290
  0.5484,   0.0645,   0.0000,   0.4667,  0.56536, -0.00927,  0.00000,  0.56544
  0.5484,   0.0968,   0.0000,   0.4634,  0.38832, -0.01900,  0.00000,  0.38878
  0.5484,   0.1290,   0.0000,   0.4610,  0.24118, -0.02827,  0.00000,  0.24283
  0.5484,   0.1613,   0.0000,   0.4599,  0.11844, -0.03519,  0.00000,  0.12356
  0.5484,   0.1935,   0.0000,   0.4605,  0.01429, -0.03888,  0.00000,  0.04142
  0.5484,   0.2258,   0.0000,   0.4630, -0.07545, -0.03914,  0.00000,  0.08499
  0.5484,   0.2581,   0.0000,   0.4674, -0.15286, -0.03636,  0.00000,  0.15713
  0.5484,   0.2903,   0.0000,   0.4732, -0.21869, -0.03141,  0.00000,  0.22093
  0.5484,   0.3226,   0.0000,   0.4799, -0.27317, -0.02532,  0.00000,  0.27434
  0.5484,   0.3548,   0.0000,   0.4868, -0.31660, -0.01904,  0.00000,  0.31717
  0.5484,   0.3871,   0.0000,   0.4932, -0.34957, -0.01328,  0.00000,  0.34982
  0.5484,   0.4194,   0.0000,   0.4985, -0.37299, -0.00845,  0.00000,  0.37309
  0.5484,   0.4516,   0.0000,   0.5023, -0.38791, -0.00459,  0.00000,  0.38793
  0.5484,   0.4839,   0.0000,   0.5043, -0.39516, -0.00144,  0.00000,  0.39517
  0.5484,   0.5161,   0.0000,   0.5043, -0.39516,  0.00144,  0.00000,  0.39517
  0.5484,   0.5484,   0.0000,   0.5023, -0.38791,  0.00459,  0.00000,  0.38793
  0.5484,   0.5806,   0.0000,   0.4985, -0.37299,  0.00845,  0.00000,  0.37309
  0.5484,   0.6129,   0.0000,   0.4932, -0.34957,  0.01328,  0.00000,  0.34982
  0.5484,   0.6452,   0.0000,   0.4868, -0.31660,  0.01904,  0.00000,  0.31717
  0.5484,   0.6774,   0.0000,   0.4799, -0.27317,  0.02532,  0.00000,  0.27434
  0.5484,   0.7097,   0.0000,   0.4732, -0.21869,  0.03141,  0.00000,  0.22093
  0.5484,   0.7419,   0.0000,   0.4674, -0.15286,  0.03636,  0.00000,  0.15713
  0.5484,   0.7742,   0.0000,   0.4630, -0.07545,  0.03914,  0.00000,  0.08499
  0.5484,   0.8065,   0.0000,   0.4605,  0.01429,  0.03888,  0.00000,  0.04142
  0.5484,   0.8387,   0.0000,   0.4599,  0.11844,  0.03519,  0.00000,  0.12356
  0.5484,   0.8710,   0.0000,   0.4610,  0.24118,  0.02827,  0.00000,  0.24283
  0.5484,   0.9032,   0.0000,   0.4634,  0.38832,  0.01900,  0.00000,  0.38878
  0.5484,   0.9355,   0.0000,   0.4667,  0.56536,  0.00927,  0.00000,  0.56544
  0.5484,   0.9677,   0.0000,   0.4698,  0.77289,  0.00201,  0.00000,  0.77290
  0.5484,   1.0000,   0.0000,   0.4713,  1.00000,  0.00000,  0.00000,  1.00000
  0.5806,   0.0000,   0.0000,   0.4722,  1.00000,  0.00000,  0.00000,  1.00000
  0.5806,   0.0323,   0.0000,   0.4710,  0.77630, -0.00029,  0.00000,  0.77630
  0.5806,   0.0645,   0.0000,   0.4681,  0.57208, -0.00409,  0.00000,  0.57210
  0.5806,   0.0968,   0.0000,   0.4648,  0.39596, -0.00979,  0.00000,  0.39608
  0.5806,   0.1290,   0.0000,   0.4622,  0.24757, -0.01514,  0.00000,  0.24803
  0.5806,   0.1613,   0.0000,   0.4609,  0.12229, -0.01859,  0.00000,  0.12370
  0.5806,   0.1935,   0.0000,   0.4615,  0.01513, -0.01941,  0.00000,  0.02461
  0.5806,   0.2258,   0.0000,   0.4641, -0.07745, -0.01757,  0.00000,  0.07941
  0.5806,   0.2581,   0.0000,   0.4687, -0.15700, -0.01366,  0.00000,  0.15760
  0.5806,   0.2903,   0.0000,   0.4750, -0.22396, -0.00870,  0.00000,  0.22413
  0.5806,   0.3226,   0.0000,   0.4823, -0.27858, -0.00377,  0.00000,  0.27860
  0.5806,   0.3548,   0.0000,   0.4897, -0.32135,  0.00024,  0.00000,  0.32135
  0.5806,   0.3871,   0.0000,   0.4966, -0.35318,  0.00275,  0.00000,  0.35319
  0.5806,   0.4194,   0.0000,   0.5024, -0.37532,  0.00356,  0.00000,  0.37534
  0.5806,   0.4516,   0.0000,   0.5066, -0.38918,  0.00284,  0.00000,  0.38919
  0.5806,   0.4839,   0.0000,   0.5088, -0.39584,  0.00107,  0.00000,  0.39585
  0.5806,   0.5161,   0.0000,   0.5088, -0.39584, -0.00107,  0.00000,  0.39585
  0.5806,   0.5484,   0.0000,   0.5066, -0.38918, -0.00284,  0.00000,  0.38919
  0.5806,   0.5806,   0.0000,   0.5024, -0.37532, -0.00356,  0.00000,  0.37534
  0.5806,   0.6129,   0.0000,   0.4966, -0.35318, -0.00275,  0.00000,  0.35319
  0.5806,   0.6452,   0.0000,   0.4897, -0.32135, -0.00024,  0.00000,  0.32135
  0.5806,   0.6774,   0.0000,   0.4823, -0.27858,  0.00377,  0.00000,  0.27860
  0.5806,   0.7097,   0.0000,   0.4750, -0.22396,  0.00870,  0.00000,  0.22413
  0.5806,   0.7419,   0.0000,   0.4687, -0.15700,  0.01366,  0.00000,  0.15760
  0.5806,   0.7742,   0.0000,   0.4641, -0.07745,  0.01757,  0.00000,  0.07941
  0.5806,   0.8065,   0.0000,   0.4615,  0.01513,  0.01941,  0.00000,  0.02461
  0.5806,   0.8387,   0.0000,   0.4609,  0.12229,  0.01859,  0.00000,  0.12370
  0.5806,   0.8710,   0.0000,   0.4622,  0.24757,  0.01514,  0.00000,  0.24803
  0.5806,   0.9032,   0.0000,   0.4648,  0.39596,  0.00979,  0.00000,  0.39608
  0.5806,   0.9355,   0.0000,   0.4681,  0.57208,  0.00409,  0.00000,  0.57210
  0.5806,   0.9677,   0.0000,   0.4710,  0.77630,  0.00029,  0.00000,  0.77630
  0.5806,   1.0000,   0.0000,   0.4722,  1.00000,  0.00000,  0.00000,  1.00000
  0.6129,   0.0000,   0.0000,   0.4758,  1.00000,  0.00000,  0.00000,  1.00000
  0.6129,   0.0323,   0.0000,   0.4749,  0.77698,  0.00156,  0.00000,  0.77698
  0.6129,   0.0645,   0.0000,   0.4722,  0.57486,  0.00168,  0.00000,  0.57486
  0.6129,   0.0968,   0.0000,   0.4687,  0.39937,  0.00064,  0.00000,  0.39937
  0.6129,   0.1290,   0.0000,   0.4657,  0.24997, -0.00010,  0.00000,  0.24997
  0.6129,   0.1613,   0.0000,   0.4640,  0.12271,  0.00057,  0.00000,  0.12271
  0.6129,   0.1935,   0.0000,   0.4643,  0.01327,  0.00311,  0.00000,  0.01363
  0.6129,   0.2258,   0.0000,   0.4669, -0.08119,  0.00736,  0.00000,  0.08153
  0.6129,   0.2581,   0.0000,   0.4719, -0.16173,  0.01247,  0.00000,  0.16221
  0.6129,   0.2903,   0.0000,   0.4786, -0.22858,  0.01729,  0.00000,  0.22923
  0.6129,   0.3226,   0.0000,   0.4865, -0.28211,  0.02075,  0.00000,  0.28287
  0.6129,   0.3548,   0.0000,   0.4946, -0.32312,  0.02207,  0.00000,  0.32387
  0.6129,   0.3871,   0.0000,   0.5021, -0.35289,  0.02085,  0.00000,  0.35351
  0.6129,   0.4194,   0.0000,   0.5085, -0.37308,  0.01711,  0.00000,  0.37347
  0.6129,   0.4516,   0.0000,   0.5130, -0.38541,  0.01122,  0.00000,  0.38558
  0.6129,   0.4839,   0.0000,   0.5154, -0.39126,  0.00390,  0.00000,  0.39128
  0.6129,   0.5161,   0.0000,   0.5154, -0.39126, -0.00390,  0.00000,  0.39128
  0.6129,   0.5484,   0.0000,   0.5130, -0.38541, -0.01122,  0.00000,  0.38558
  0.6129,   0.5806,   0.0000,   0.5085, -0.37308, -0.01711,  0.00000,  0.37347
  0.6129,   0.6129,   0.0000,   0.5021, -0.35289, -0.02085,  0.00000,  0.35351
  0.6129,   0.6452,   0.0000,   0.4946, -0.32312, -0.02207,  0.00000,  0.32387
  0.6129,   0.6774,   0.0000,   0.4865, -0.28211, -0.02075,  0.00000,  0.28287
  0.6129,   0.7097,   0.0000,   0.4786, -0.22858, -0.01729,  0.00000,  0.22923
  0.6129,   0.7419,   0.0000,   0.4719, -0.16173, -0.01247,  0.00000,  0.16221
  0.6129,   0.7742,   0.0000,   0.4669, -0.08119, -0.00736,  0.00000,  0.08153
  0.6129,   0.8065,   0.0000,   0.4643,  0.01327, -0.00311,  0.00000,  0.01363
  0.6129,   0.8387,   0.0000,   0.4640,  0.12271, -0.00057,  0.00000,  0.12271
  0.6129,   0.8710,   0.0000,   0.4657,  0.24997,  0.00010,  0.00000,  0.24997
  0.6129,   0.9032,   0.0000,   0.4687,  0.39937, -0.00064,  0.00000,  0.39937
  0.6129,   0.9355,   0.0000,   0.4722,  0.57486, -0.00168,  0.00000,  0.57486
  0.6129,   0.9677,   0.0000,   0.4749,  0.77698, -0.00156,  0.00000,  0.77698
  0.6129,   1.0000,   0.0000,   0.4758,  1.00000,  0.00000,  0.00000,  1.00000
  0.6452,   0.0000,   0.0000,   0.4824,  1.00000,  0.00000,  0.00000,  1.00000
  0.6452,   0.0323,   0.0000,   0.4818,  0.77462,  0.00362,  0.00000,  0.77463
  0.6452,   0.0645,   0.0000,   0.4795,  0.57301,  0.00823,  0.00000,  0.57307
  0.6452,   0.0968,   0.0000,   0.4756,  0.39774,  0.01266,  0.00000,  0.39794
  0.6452,   0.1290,   0.0000,   0.4719,  0.24763,  0.01738,  0.00000,  0.24824
  0.6452,   0.1613,   0.0000,   0.4696,  0.11908,  0.02292,  0.00000,  0.12127
  0.6452,   0.1935,   0.0000,   0.4695,  0.00834,  0.02934,  0.00000,  0.03050
  0.6452,   0.2258,   0.0000,   0.4720, -0.08681,  0.03629,  0.00000,  0.09409
  0.6452,   0.2581,   0.0000,   0.4773, -0.16693,  0.04258,  0.00000,  0.17227
  0.6452,   0.2903,   0.0000,   0.4845, -0.23224,  0.04700,  0.00000,  0.23695
  0.6452,   0.3226,   0.0000,   0.4930, -0.28336,  0.04858,  0.00000,  0.28749
  0.6452,   0.3548,   0.0000,   0.5018, -0.32146,  0.04671,  0.00000,  0.32483
  0.6452,   0.3871,   0.0000,   0.5100, -0.34822,  0.04122,  0.00000,  0.35065
  0.6452,   0.4194,   0.0000,   0.5168, -0.36569,  0.03232,  0.00000,  0.36711
  0.6452,   0.4516,   0.0000,   0.5217, -0.37597,  0.02062,  0.00000,  0.37653
  0.6452,   0.4839,   0.0000,   0.5243, -0.38072,  0.00708,  0.00000,  0.38079
  0.6452,   0.5161,   0.0000,   0.5243, -0.38072, -0.00708,  0.00000,  0.38079
  0.6452,   0.5484,   0.0000,   0.5217, -0.37597, -0.02062,  0.00000,  0.37653
  0.6452,   0.5806,   0.0000,   0.5168, -0.36569, -0.03232,  0.00000,  0.36711
  0.6452,   0.6129,   0.0000,   0.5100, -0.34822, -0.04122,  0.00000,  0.35065
  0.6452,   0.6452,   0.0000,   0.5018, -0.32146, -0.04671,  0.00000,  0.32483
  0.6452,   0.6774,   0.0000,   0.4930, -0.28336, -0.04858,  0.00000,  0.28749
  0.6452,   0.7097,   0.0000,   0.4845, -0.23224, -0.04700,  0.00000,  0.23695
  0.6452,   0.7419,   0.0000,   0.4773, -0.16693, -0.04258,  0.00000,  0.17227
  0.6452,   0.7742,   0.0000,   0.4720, -0.08681, -0.03629,  0.00000,  0.09409
  0.6452,   0.8065,   0.0000,   0.4695,  0.00834, -0.02934,  0.00000,  0.03050
  0.6452,   0.8387,   0.0000,   0.4696,  0.11908, -0.02292,  0.00000,  0.12127
  0.6452,   0.8710,   0.0000,   0.4719,  0.24763, -0.01738,  0.00000,  0.24824
  0.6452,   0.9032,   0.0000,   0.4756,  0.39774, -0.01266,  0.00000,  0.39794
  0.6452,   0.9355,   0.0000,   0.4795,  0.57301, -0.00823,  0.00000,  0.57307
  0.6452,   0.9677,   0.0000,   0.4818,  0.77462, -0.00362,  0.00000,  0.77463
  0.6452,   1.0000,   0.0000,   0.4824,  1.00000,  0.00000,  0.00000,  1.00000
  0.6774,   0.0000,   0.0000,   0.4926,  1.00000,  0.00000,  0.00000,  1.00000
  0.6774,   0.0323,   0.0000,   0.4923,  0.76875,  0.00604,  0.00000,  0.76878
  0.6774,   0.0645,   0.0000,   0.4902,  0.56581,  0.01589,  0.00000,  0.56604
  0.6774,   0.0968,   0.0000,   0.4860,  0.39021,  0.02671,  0.00000,  0.39113
  0.6774,   0.1290,   0.0000,   0.4815,  0.23971,  0.03786,  0.00000,  0.24268
  0.6774,   0.1613,   0.0000,   0.4783,  0.11075,  0.04910,  0.00000,  0.12115
  0.6774,   0.1935,   0.0000,   0.4776, -0.00009,  0.06002,  0.00000,  0.06002
  0.6774,   0.2258,   0.0000,   0.4801, -0.09443,  0.06987,  0.00000,  0.11747
  0.6774,   0.2581,   0.0000,   0.4855, -0.17244,  0.07721,  0.00000,  0.18894
  0.6774,   0.2903,   0.0000,   0.4932, -0.23458,  0.08085,  0.00000,  0.24812
  0.6774,   0.3226,   0.0000,   0.5022, -0.28182,  0.07998,  0.00000,  0.29295
  0.6774,   0.3548,   0.0000,   0.5114, -0.31576,  0.07427,  0.00000,  0.32438
  0.6774,   0.3871,   0.0000,   0.5201, -0.33850,  0.06381,  0.00000,  0.34446
  0.6774,   0.4194,   0.0000,   0.5273, -0.35248,  0.04909,  0.00000,  0.35588
  0.6774,   0.4516,   0.0000,   0.5325, -0.36017,  0.03094,  0.00000,  0.36150
  0.6774,   0.4839,   0.0000,   0.5353, -0.36356,  0.01057,  0.00000,  0.36372
  0.6774,   0.5161,   0.0000,   0.5353, -0.36356, -0.01057,  0.00000,  0.36372
  0.6774,   0.5484,   0.0000,   0.5325, -0.36017, -0.03094,  0.00000,  0.36150
  0.6774,   0.5806,   0.0000,   0.5273, -0.35248, -0.04909,  0.00000,  0.35588
  0.6774,   0.6129,   0.0000,   0.5201, -0.33850, -0.06381,  0.00000,  0.34446
  0.6774,   0.6452,   0.0000,   0.5114, -0.31576, -0.07427,  0.00000,  0.32438
  0.6774,   0.6774,   0.0000,   0.5022, -0.28182, -0.07998,  0.00000,  0.29295
  0.6774,   0.7097,   0.0000,   0.4932, -0.23458, -0.08085,  0.00000,  0.24812
  0.6774,   0.7419,   0.0000,   0.4855, -0.17244, -0.07721,  0.00000,  0.18894
  0.6774,   0.7742,   0.0000,   0.4801, -0.09443, -0.06987,  0.00000,  0.11747
  0.6774,   0.8065,   0.0000,   0.4776, -0.00009, -0.06002,  0.00000,  0.06002
  0.6774,   0.8387,   0.0000,   0.4783,  0.11075, -0.04910,  0.00000,  0.12115
  0.6774,   0.8710,   0.0000,   0.4815,  0.23971, -0.03786,  0.00000,  0.24268
  0.6774,   0.9032,   0.0000,   0.4860,  0.39021, -0.02671,  0.00000,  0.39113
  0.6774,   0.9355,   0.0000,   0.4902,  0.56581, -0.01589,  0.00000,  0.56604
  0.6774,   0.9677,   0.0000,   0.4923,  0.76875, -0.00604,  0.00000,  0.76878
  0.6774,   1.0000,   0.0000,   0.4926,  1.00000,  0.00000,  0.00000,  1.00000
  0.7097,   0.0000,   0.0000,   0.5073,  1.00000,  0.00000,  0.00000,  1.00000
  0.7097,   0.0323,   0.0000,   0.5074,  0.75874,  0.00902,  0.00000,  0.75879
  0.7097,   0.0645,   0.0000,   0.5055,  0.55234,  0.02512,  0.00000,  0.55291
  0.7097,   0.0968,   0.0000,   0.5006,  0.37577,  0.04353,  0.00000,  0.37828
  0.7097,   0.1290,   0.0000,   0.4950,  0.22525,  0.06219,  0.00000,  0.23367
  0.7097,   0.1613,   0.0000,   0.4908,  0.09692,  0.08000,  0.00000,  0.12567
  0.7097,   0.1935,   0.0000,   0.4893, -0.01243,  0.09600,  0.00000,  0.09680
  0.7097,   0.2258,   0.0000,   0.4915, -0.10400,  0.10878,  0.00000,  0.15049
  0.7097,   0.2581,   0.0000,   0.4969, -0.17791,  0.11678,  0.00000,  0.21281
  0.7097,   0.2903,   0.0000,   0.5047, -0.23501,  0.11895,  0.00000,  0.26340
  0.7097,   0.3226,   0.0000,   0.5139, -0.27678,  0.11482,  0.00000,  0.29965
  0.7097,   0.3548,   0.0000,   0.5234, -0.30529,  0.10442,  0.00000,  0.32265
  0.7097,   0.3871,   0.0000,   0.5322, -0.32303,  0.08823,  0.00000,  0.33486
  0.7097,   0.4194,   0.0000,   0.5395, -0.33282,  0.06704,  0.00000,  0.33950
  0.7097,   0.4516,   0.0000,   0.5449, -0.33745,  0.04193,  0.00000,  0.34004
  0.7097,   0.4839,   0.0000,   0.5479, -0.33921,  0.01427,  0.00000,  0.33951
  0.7097,   0.5161,   0.0000,   0.5479, -0.33921, -0.01427,  0.00000,  0.33951
  0.7097,   0.5484,   0.0000,   0.5449, -0.33745, -0.04193,  0.00000,  0.34004
  0.7097,   0.5806,   0.0000,   0.5395, -0.33282, -0.06704,  0.00000,  0.33950
  0.7097,   0.6129,   0.0000,   0.5322, -0.32303, -0.08823,  0.00000,  0.33486
  0.7097,   0.6452,   0.0000,   0.5234, -0.30529, -0.10442,  0.00000,  0.32265
  0.7097,   0.6774,   0.0000,   0.5139, -0.27678, -0.11482,  0.00000,  0.29965
  0.7097,   0.7097,   0.0000,   0.5047, -0.23501, -0.11895,  0.00000,  0.26340
  0.7097,   0.7419,   0.0000,   0.4969, -0.17791, -0.11678,  0.00000,  0.21281
  0.7097,   0.7742,   0.0000,   0.4915, -0.10400, -0.10878,  0.00000,  0.15049
  0.7097,   0.8065,   0.0000,   0.4893, -0.01243, -0.09600,  0.00000,  0.09680
  0.7097,   0.8387,   0.0000,   0.4908,  0.09692, -0.08000,  0.00000,  0.12567
  0.7097,   0.8710,   0.0000,   0.4950,  0.22525, -0.06219,  0.00000,  0.23367
  0.7097,   0.9032,   0.0000,   0.5006,  0.37577, -0.04353,  0.00000,  0.37828
  0.7097,   0.9355,   0.0000,   0.5055,  0.55234, -0.02512,  0.00000,  0.55291
  0.7097,   0.9677,   0.0000,   0.5074,  0.75874, -0.00902,  0.00000,  0.75879
  0.7097,   1.0000,   0.0000,   0.5073,  1.00000,  0.00000,  0.00000,  1.00000
  0.7419,   0.0000,   0.0000,   0.5277,  1.00000,  0.00000,  0.00000,  1.00000
  0.7419,   0.0323,   0.0000,   0.5282,  0.74363,  0.01284,  0.00000,  0.74374
  0.7419,   0.0645,   0.0000,   0.5263,  0.53130,  0.03673,  0.00000,  0.53257
  0.7419,   0.0968,   0.0000,   0.5205,  0.35315,  0.06428,  0.00000,  0.35895
  0.7419,   0.1290,   0.0000,   0.5134,  0.20323,  0.09173,  0.00000,  0.22298
  0.7419,   0.1613,   0.0000,   0.5076,  0.07694,  0.11689,  0.00000,  0.13994
  0.7419,   0.1935,   0.0000,   0.5051, -0.02887,  0.13823,  0.00000,  0.14122
  0.7419,   0.2258,   0.0000,   0.5066, -0.11522,  0.15355,  0.00000,  0.19197
  0.7419,   0.2581,   0.0000,   0.5115, -0.18262,  0.16131,  0.00000,  0.24366
  0.7419,   0.2903,   0.0000,   0.5191, -0.23261,  0.16088,  0.00000,  0.28283
  0.7419,   0.3226,   0.0000,   0.5280, -0.26730,  0.15233,  0.00000,  0.30766
  0.7419,   0.3548,   0.0000,   0.5373, -0.28918,  0.13625,  0.00000,  0.31967
  0.7419,   0.3871,   0.0000,   0.5458, -0.30111,  0.11355,  0.00000,  0.32181
  0.7419,   0.4194,   0.0000,   0.5530, -0.30617,  0.08538,  0.00000,  0.31786
  0.7419,   0.4516,   0.0000,   0.5582, -0.30741,  0.05303,  0.00000,  0.31195
  0.7419,   0.4839,   0.0000,   0.5613, -0.30737,  0.01800,  0.00000,  0.30789
  0.7419,   0.5161,   0.0000,   0.5613, -0.30737, -0.01800,  0.00000,  0.30789
  0.7419,   0.5484,   0.0000,   0.5582, -0.30741, -0.05303,  0.00000,  0.31195
  0.7419,   0.5806,   0.0000,   0.5530, -0.30617, -0.08538,  0.00000,  0.31786
  0.7419,   0.6129,   0.0000,   0.5458, -0.30111, -0.11355,  0.00000,  0.32181
  0.7419,   0.6452,   0.0000,   0.5373, -0.28918, -0.13625,  0.00000,  0.31967
  0.7419,   0.6774,   0.0000,   0.5280, -0.26730, -0.15233,  0.00000,  0.30766
  0.7419,   0.7097,   0.0000,   0.5191, -0.23261, -0.16088,  0.00000,  0.28283
  0.7419,   0.7419,   0.0000,   0.5115, -0.18262, -0.16131,  0.00000,  0.24366
  0.7419,   0.7742,   0.0000,   0.5066, -0.11522, -0.15355,  0.00000,  0.19197
  0.7419,   0.8065,   0.0000,   0.5051, -0.02887, -0.13823,  0.00000,  0.14122
  0.7419,   0.8387,   0.0000,   0.5076,  0.07694, -0.11689,  0.00000,  0.13994
  0.7419,   0.8710,   0.0000,   0.5134,  0.20323, -0.09173,  0.00000,  0.22298
  0.7419,   0.9032,   0.0000,   0.5205,  0.35315, -0.06428,  0.00000,  0.35895
  0.7419,   0.9355,   0.0000,   0.5263,  0.53130, -0.03673,  0.00000,  0.53257
  0.7419,   0.9677,   0.0000,   0.5282,  0.74363, -0.01284,  0.00000,  0.74374
  0.7419,   1.0000,   0.0000,   0.5277,  1.00000,  0.00000,  0.00000,  1.00000
  0.7742,   0.0000,   0.0000,   0.5554,  1.00000,  0.00000,  0.00000,  1.00000
  0.7742,   0.0323,   0.0000,   0.5562,  0.72201,  0.01809,  0.00000,  0.72223
  0.7742,   0.0645,   0.0000,   0.5543,  0.50089,  0.05210,  0.00000,  0.50360
  0.7742,   0.0968,   0.0000,   0.5467,  0.32077,  0.09091,  0.00000,  0.33340
  0.7742,   0.1290,   0.0000,   0.5373,  0.17264,  0.12855,  0.00000,  0.21525
  0.7742,   0.1613,   0.0000,   0.5293,  0.05041,  0.16155,  0.00000,  0.16923
  0.7742,   0.1935,   0.0000,   0.5251, -0.04909,  0.18777,  0.00000,  0.19408
  0.7742,   0.2258,   0.0000,   0.5253, -0.12708,  0.20428,  0.00000,  0.24058
  0.7742,   0.2581,   0.0000,   0.5292, -0.18524,  0.21007,  0.00000,  0.28008
  0.7742,   0.2903,   0.0000,   0.5358, -0.22603,  0.20530,  0.00000,  0.30535
  0.7742,   0.3226,   0.0000,   0.5438, -0.25215,  0.19084,  0.00000,  0.31623
  0.7742,   0.3548,   0.0000,   0.5522, -0.26651,  0.16796,  0.00000,  0.31502
  0.7742,   0.3871,   0.0000,   0.5599, -0.27216,  0.13812,  0.00000,  0.30520
  0.7742,   0.4194,   0.0000,   0.5665, -0.27230,  0.10277,  0.00000,  0.29105
  0.7742,   0.4516,   0.0000,   0.5713, -0.27006,  0.06339,  0.00000,  0.27740
  0.7742,   0.4839,   0.0000,   0.5743, -0.26818,  0.02144,  0.00000,  0.26904
  0.7742,   0.5161,   0.0000,   0.5743, -0.26818, -0.02144,  0.00000,  0.26904
  0.7742,   0.5484,   0.0000,   0.5713, -0.27006, -0.06339,  0.00000,  0.27740
  0.7742,   0.5806,   0.0000,   0.5665, -0.27230, -0.10277,  0.00000,  0.29105
  0.7742,   0.6129,   0.0000,   0.5599, -0.27216, -0.13812,  0.00000,  0.30520
  0.7742,   0.6452,   0.0000,   0.5522, -0.26651, -0.16796,  0.00000,  0.31502
  0.7742,   0.6774,   0.0000,   0.5438, -0.25215, -0.19084,  0.00000,  0.31623
  0.7742,   0.7097,   0.0000,   0.5358, -0.22603, -0.20530,  0.00000,  0.30535
  0.7742,   0.7419,   0.0000,   0.5292, -0.18524, -0.21007,  0.00000,  0.28008
  0.7742,   0.7742,   0.0000,   0.5253, -0.12708, -0.20428,  0.00000,  0.24058
  0.7742,   0.8065,   0.0000,   0.5251, -0.04909, -0.18777,  0.00000,  0.19408
  0.7742,   0.8387,   0.0000,   0.5293,  0.05041, -0.16155,  0.00000,  0.16923
  0.7742,   0.8710,   0.0000,   0.5373,  0.17264, -0.12855,  0.00000,  0.21525
  0.7742,   0.9032,   0.0000,   0.5467,  0.32077, -0.09091,  0.00000,  0.33340
  0.7742,   0.9355,   0.0000,   0.5543,  0.50089, -0.05210,  0.00000,  0.50360
  0.7742,   0.9677,   0.0000,   0.5562,  0.72201, -0.01809,  0.00000,  0.72223
  0.7742,   1.0000,   0.0000,   0.5554,  1.00000,  0.00000,  0.00000,  1.00000
  0.8065,   0.0000,   0.0000,   0.5927,  1.00000,  0.00000,  0.00000,  1.00000
  0.8065,   0.0323,   0.0000,   0.5939,  0.69153,  0.02599,  0.00000,  0.69202
  0.8065,   0.0645,   0.0000,   0.5912,  0.45849,  0.07369,  0.00000,  0.46437
  0.8065,   0.0968,   0.0000,   0.5808,  0.27670,  0.12643,  0.00000,  0.30421
  0.8065,   0.1290,   0.0000,   0.5677,  0.13260,  0.17547,  0.00000,  0.21994
  0.8065,   0.1613,   0.0000,   0.5563,  0.01773,  0.21609,  0.00000,  0.21681
  0.8065,   0.1935,   0.0000,   0.5494, -0.07160,  0.24498,  0.00000,  0.25523
  0.8065,   0.2258,   0.0000,   0.5475, -0.13752,  0.25983,  0.00000,  0.29398
  0.8065,   0.2581,   0.0000,   0.5493, -0.18364,  0.26081,  0.00000,  0.31898
  0.8065,   0.2903,   0.0000,   0.5540, -0.21338,  0.24931,  0.00000,  0.32816
  0.8065,   0.3226,   0.0000,   0.5602, -0.22996,  0.22720,  0.00000,  0.32327
  0.8065,   0.3548,   0.0000,   0.5669, -0.23645,  0.19654,  0.00000,  0.30747
  0.8065,   0.3871,   0.0000,   0.5733, -0.23592,  0.15927,  0.00000,  0.28465
  0.8065,   0.4194,   0.0000,   0.5787, -0.23145,  0.11716,  0.00000,  0.25941
  0.8065,   0.4516,   0.0000,   0.5828, -0.22607,  0.07169,  0.00000,  0.23717
  0.8065,   0.4839,   0.0000,   0.5855, -0.22253,  0.02416,  0.00000,  0.22384
  0.8065,   0.5161,   0.0000,   0.5855, -0.22253, -0.02416,  0.00000,  0.22384
  0.8065,   0.5484,   0.0000,   0.5828, -0.22607, -0.07169,  0.00000,  0.23717
  0.8065,   0.5806,   0.0000,   0.5787, -0.23145, -0.11716,  0.00000,  0.25941
  0.8065,   0.6129,   0.0000,   0.5733, -0.23592, -0.15927,  0.00000,  0.28465
  0.8065,   0.6452,   0.0000,   0.5669, -0.23645, -0.19654,  0.00000,  0.30747
  0.8065,   0.6774,   0.0000,   0.5602, -0.22996, -0.22720,  0.00000,  0.32327
  0.8065,   0.7097,   0.0000,   0.5540, -0.21338, -0.24931,  0.00000,  0.32816
  0.8065,   0.7419,   0.0000,   0.5493, -0.18364, -0.26081,  0.00000,  0.31898
  0.8065,   0.7742,   0.0000,   0.5475, -0.13752, -0.25983,  0.00000,  0.29398
  0.8065,   0.8065,   0.0000,   0.5494, -0.07160, -0.24498,  0.00000,  0.25523
  0.8065,   0.8387,   0.0000,   0.5563,  0.01773, -0.21609,  0.00000,  0.21681
  0.8065,   0.8710,   0.0000,   0.5677,  0.13260, -0.17547,  0.00000,  0.21994
  0.8065,   0.9032,   0.0000,   0.5808,  0.27670, -0.12643,  0.00000,  0.30421
  0.8065,   0.9355,   0.0000,   0.5912,  0.45849, -0.07369,  0.00000,  0.46437
  0.8065,   0.9677,   0.0000,   0.5939,  0.69153, -0.02599,  0.00000,  0.69202
  0.8065,   1.0000,   0.0000,   0.5927,  1.00000,  0.00000,  0.00000,  1.00000
  0.8387,   0.0000,   0.0000,   0.6439,  1.00000,  0.00000,  0.00000,  1.00000
  0.8387,   0.0323,   0.0000,   0.6450,  0.64832,  0.03904,  0.00000,  0.64949
  0.8387,   0.0645,   0.0000,   0.6400,  0.40045,  0.10579,  0.00000,  0.41419
  0.8387,   0.0968,   0.0000,   0.6243,  0.21899,  0.17513,  0.00000,  0.28040
  0.8387,   0.1290,   0.0000,   0.6053,  0.08299,  0.23531,  0.00000,  0.24951
  0.8387,   0.1613,   0.0000,   0.5888, -0.01910,  0.28097,  0.00000,  0.28162
  0.8387,   0.1935,   0.0000,   0.5777, -0.09283,  0.30777,  0.00000,  0.32147
  0.8387,   0.2258,   0.0000,   0.5719, -0.14291,  0.31620,  0.00000,  0.34700
  0.8387,   0.2581,   0.0000,   0.5704, -0.17472,  0.30848,  0.00000,  0.35453
  0.8387,   0.2903,   0.0000,   0.5720, -0.19242,  0.28750,  0.00000,  0.34595
  0.8387,   0.3226,   0.0000,   0.5755, -0.19938,  0.25620,  0.00000,  0.32464
  0.8387,   0.3548,   0.0000,   0.5799, -0.19858,  0.21731,  0.00000,  0.29438
  0.8387,   0.3871,   0.0000,   0.5843, -0.19278,  0.17318,  0.00000,  0.25915
  0.8387,   0.4194,   0.0000,   0.5882, -0.18471,  0.12569,  0.00000,  0.22342
  0.8387,   0.4516,   0.0000,   0.5914, -0.17706,  0.07617,  0.00000,  0.19275
  0.8387,   0.4839,   0.0000,   0.5936, -0.17233,  0.02554,  0.00000,  0.17421
  0.8387,   0.5161,   0.0000,   0.5936, -0.17233, -0.02554,  0.00000,  0.17421
  0.8387,   0.5484,   0.0000,   0.5914, -0.17706, -0.07617,  0.00000,  0.19275
  0.8387,   0.5806,   0.0000,   0.5882, -0.18471, -0.12569,  0.00000,  0.22342
  0.8387,   0.6129,   0.0000,   0.5843, -0.19278, -0.17318,  0.00000,  0.25915
  0.8387,   0.6452,   0.0000,   0.5799, -0.19858, -0.21731,  0.00000,  0.29438
  0.8387,   0.6774,   0.0000,   0.5755, -0.19938, -0.25620,  0.00000,  0.32464
  0.8387,   0.7097,   0.0000,   0.5720, -0.19242, -0.28750,  0.00000,  0.34595
  0.8387,   0.7419,   0.0000,   0.5704, -0.17472, -0.30848,  0.00000,  0.35453
  0.8387,   0.7742,   0.0000,   0.5719, -0.14291, -0.31620,  0.00000,  0.34700
  0.8387,   0.8065,   0.0000,   0.5777, -0.09283, -0.30777,  0.00000,  0.32147
  0.8387,   0.8387,   0.0000,   0.5888, -0.01910, -0.28097,  0.00000,  0.28162
  0.8387,   0.8710,   0.0000,   0.6053,  0.08299, -0.23531,  0.00000,  0.24951
  0.8387,   0.9032,   0.0000,   0.6243,  0.21899, -0.17513,  0.00000,  0.28040
  0.8387,   0.9355,   0.0000,   0.6400,  0.40045, -0.10579,  0.00000,  0.41419
  0.8387,   0.9677,   0.0000,   0.6450,  0.64832, -0.03904,  0.00000,  0.64949
  0.8387,   1.0000,   0.0000,   0.6439,  1.00000,  0.00000,  0.00000,  1.00000
  0.8710,   0.0000,   0.0000,   0.7167,  1.00000,  0.00000,  0.00000,  1.00000
  0.8710,   0.0323,   0.0000,   0.7164,  0.58575,  0.06255,  0.00000,  0.58908
  0.8710,   0.0645,   0.0000,   0.7051,  0.32240,  0.15527,  0.00000,  0.35784
  0.8710,   0.0968,   0.0000,   0.6792,  0.14717,  0.24186,  0.00000,  0.28312
  0.8710,   0.1290,   0.0000,   0.6502,  0.02676,  0.30896,  0.00000,  0.31011
  0.8710,   0.1613,   0.0000,   0.6256, -0.05474,  0.35121,  0.00000,  0.35545
  0.8710,   0.1935,   0.0000,   0.6077, -0.10684,  0.36813,  0.00000,  0.38332
  0.8710,   0.2258,   0.0000,   0.5962, -0.13823,  0.36401,  0.00000,  0.38938
  0.8710,   0.2581,   0.0000,   0.5899, -0.15494,  0.34349,  0.00000,  0.37682
  0.8710,   0.2903,   0.0000,   0.5875, -0.16109,  0.31088,  0.00000,  0.35014
  0.8710,   0.3226,   0.0000,   0.5877, -0.15977,  0.26996,  0.00000,  0.31369
  0.8710,   0.3548,   0.0000,   0.5893, -0.15344,  0.22382,  0.00000,  0.27137
  0.8710,   0.3871,   0.0000,   0.5915, -0.14430,  0.17490,  0.00000,  0.22674
  0.8710,   0.4194,   0.0000,   0.5938, -0.13444,  0.12490,  0.00000,  0.18350
  0.8710,   0.4516,   0.0000,   0.5959, -0.12593,  0.07480,  0.00000,  0.14647
  0.8710,   0.4839,   0.0000,   0.5975, -0.12082,  0.02492,  0.00000,  0.12336
  0.8710,   0.5161,   0.0000,   0.5975, -0.12082, -0.02492,  0.00000,  0.12336
  0.8710,   0.5484,   0.0000,   0.5959, -0.12593, -0.07480,  0.00000,  0.14647
  0.8710,   0.5806,   0.0000,   0.5938, -0.13444, -0.12490,  0.00000,  0.18350
  0.8710,   0.6129,   0.0000,   0.5915, -0.14430, -0.17490,  0.00000,  0.22674
  0.8710,   0.6452,   0.0000,   0.5893, -0.15344, -0.22382,  0.00000,  0.27137
  0.8710,   0.6774,   0.0000,   0.5877, -0.15977, -0.26996,  0.00000,  0.31369
  0.8710,   0.7097,   0.0000,   0.5875, -0.16109, -0.31088,  0.00000,  0.35014
  0.8710,   0.7419,   0.0000,   0.5899, -0.15494, -0.34349,  0.00000,  0.37682
  0.8710,   0.7742,   0.0000,   0.5962, -0.13823, -0.36401,  0.00000,  0.38938
  0.8710,   0.8065,   0.0000,   0.6077, -0.10684, -0.36813,  0.00000,  0.38332
  0.8710,   0.8387,   0.0000,   0.6256, -0.05474, -0.35121,  0.00000,  0.35545
  0.8710,   0.8710,   0.0000,   0.6502,  0.02676, -0.30896,  0.00000,  0.31011
  0.8710,   0.9032,   0.0000,   0.6792,  0.14717, -0.24186,  0.00000,  0.28312
  0.8710,   0.9355,   0.0000,   0.7051,  0.32240, -0.15527,  0.00000,  0.35784
  0.8710,   0.9677,   0.0000,   0.7164,  0.58575, -0.06255,  0.00000,  0.58908
  0.8710,   1.0000,   0.0000,   0.7167,  1.00000,  0.00000,  0.00000,  1.00000
  0.9032,   0.0000,   0.0000,   0.8277,  1.00000,  0.00000,  0.00000,  1.00000
  0.9032,   0.0323,   0.0000,   0.8208,  0.49304,  0.10656,  0.00000,  0.50443
  0.9032,   0.0645,   0.0000,   0.7923,  0.22113,  0.23000,  0.00000,  0.31906
  0.9032,   0.0968,   0.0000,   0.7460,  0.06530,  0.32624,  0.00000,  0.33272
  0.9032,   0.1290,   0.0000,   0.7001, -0.02636,  0.38606,  0.00000,  0.38696
  0.9032,   0.1613,   0.0000,   0.6628, -0.07827,  0.41061,  0.00000,  0.41800
  0.9032,   0.1935,   0.0000,   0.6353, -0.10564,  0.40788,  0.00000,  0.42134
  0.9032,   0.2258,   0.0000,   0.6165, -0.11827,  0.38558,  0.00000,  0.40331
  0.9032,   0.2581,   0.0000,   0.6047, -0.12160,  0.35006,  0.00000,  0.37058
  0.9032,   0.2903,   0.0000,   0.5981, -0.11889,  0.30629,  0.00000,  0.32855
  0.9032,   0.3226,   0.0000,   0.5948, -0.11232,  0.25811,  0.00000,  0.28149
  0.9032,   0.3548,   0.0000,   0.5938, -0.10352,  0.20839,  0.00000,  0.23269
  0.9032,   0.3871,   0.0000,   0.5941, -0.09386,  0.15912,  0.00000,  0.18474
  0.9032,   0.4194,   0.0000,   0.5950, -0.08462,  0.11146,  0.00000,  0.13994
  0.9032,   0.4516,   0.0000,   0.5961, -0.07709,  0.06580,  0.00000,  0.10135
  0.9032,   0.4839,   0.0000,   0.5972, -0.07261,  0.02173,  0.00000,  0.07579
  0.9032,   0.5161,   0.0000,   0.5972, -0.07261, -0.02173,  0.00000,  0.07579
  0.9032,   0.5484,   0.0000,   0.5961, -0.07709, -0.06580,  0.00000,  0.10135
  0.9032,   0.5806,   0.0000,   0.5950, -0.08462, -0.11146,  0.00000,  0.13994
  0.9032,   0.6129,   0.0000,   0.5941, -0.09386, -0.15912,  0.00000,  0.18474
  0.9032,   0.6452,   0.0000,   0.5938, -0.10352, -0.20839,  0.00000,  0.23269
  0.9032,   0.6774,   0.0000,   0.5948, -0.11232, -0.25811,  0.00000,  0.28149
  0.9032,   0.7097,   0.0000,   0.5981, -0.11889, -0.30629,  0.00000,  0.32855
  0.9032,   0.7419,   0.0000,   0.6047, -0.12160, -0.35006,  0.00000,  0.37058
  0.9032,   0.7742,   0.0000,   0.6165, -0.11827, -0.38558,  0.00000,  0.40331
  0.9032,   0.8065,   0.0000,   0.6353, -0.10564, -0.40788,  0.00000,  0.42134
  0.9032,   0.8387,   0.0000,   0.6628, -0.07827, -0.41061,  0.00000,  0.41800
  0.9032,   0.8710,   0.0000,   0.7001, -0.02636, -0.38606,  0.00000,  0.38696
  0.9032,   0.9032,   0.0000,   0.7460,  0.06530, -0.32624,  0.00000,  0.33272
  0.9032,   0.9355,   0.0000,   0.7923,  0.22113, -0.23000,  0.00000,  0.31906
  0.9032,   0.9677,   0.0000,   0.8208,  0.49304, -0.10656,  0.00000,  0.50443
  0.9032,   1.0000,   0.0000,   0.8277,  1.00000,  0.00000,  0.00000,  1.00000
  0.9355,   0.0000,   0.0000,   1.0117,  1.00000,  0.00000,  0.00000,  1.00000
  0.9355,   0.0323,   0.0000,   0.9814,  0.35575,  0.18339,  0.00000,  0.40024
  0.9355,   0.0645,   0.0000,   0.9061,  0.10271,  0.32430,  0.00000,  0.34017
  0.9355,   0.0968,   0.0000,   0.8202, -0.00889,  0.40171,  0.00000,  0.40181
  0.9355,   0.1290,   0.0000,   0.7476, -0.05761,  0.42839,  0.00000,  0.43225
  0.9355,   0.1613,   0.0000,   0.6931, -0.07656,  0.42089,  0.00000,  0.42780
  0.9355,   0.1935,   0.0000,   0.6545, -0.08181,  0.39263,  0.00000,  0.40106
  0.9355,   0.2258,   0.0000,   0.6285, -0.08041,  0.35240,  0.00000,  0.36146
  0.9355,   0.2581,   0.0000,   0.6117, -0.07564,  0.30611,  0.00000,  0.31532
  0.9355,   0.2903,   0.0000,   0.6015, -0.06915,  0.25774,  0.00000,  0.26685
  0.9355,   0.3226,   0.0000,   0.5958, -0.06188,  0.20996,  0.00000,  0.21888
  0.9355,   0.3548,   0.0000,   0.5931, -0.05445,  0.16450,  0.00000,  0.17328
  0.9355,   0.3871,   0.0000,   0.5922, -0.04737,  0.12234,  0.00000,  0.13119
  0.9355,   0.4194,   0.0000,   0.5923, -0.04111,  0.08382,  0.00000,  0.09336
  0.9355,   0.4516,   0.0000,   0.5929, -0.03620,  0.04863,  0.00000,  0.06062
  0.9355,   0.4839,   0.0000,   0.5936, -0.03329,  0.01589,  0.00000,  0.03688
  0.9355,   0.5161,   0.0000,   0.5936, -0.03329, -0.01589,  0.00000,  0.03688
  0.9355,   0.5484,   0.0000,   0.5929, -0.03620, -0.04863,  0.00000,  0.06062
  0.9355,   0.5806,   0.0000,   0.5923, -0.04111, -0.08382,  0.00000,  0.09336
  0.9355,   0.6129,   0.0000,   0.5922, -0.04737, -0.12234,  0.00000,  0.13119
  0.9355,   0.6452,   0.0000,   0.5931, -0.05445, -0.16450,  0.00000,  0.17328
  0.9355,   0.6774,   0.0000,   0.5958, -0.06188, -0.20996,  0.00000,  0.21888
  0.9355,   0.7097,   0.0000,   0.6015, -0.06915, -0.25774,  0.00000,  0.26685
  0.9355,   0.7419,   0.0000,   0.6117, -0.07564, -0.30611,  0.00000,  0.31532
  0.9355,   0.7742,   0.0000,   0.6285, -0.08041, -0.35240,  0.00000,  0.36146
  0.9355,   0.8065,   0.0000,   0.6545, -0.08181, -0.39263,  0.00000,  0.40106
  0.9355,   0.8387,   0.0000,   0.6931, -0.07656, -0.42089,  0.00000,  0.42780
  0.9355,   0.8710,   0.0000,   0.7476, -0.05761, -0.42839,  0.00000,  0.43225
  0.9355,   0.9032,   0.0000,   0.8202, -0.00889, -0.40171,  0.00000,  0.40181
  0.9355,   0.9355,   0.0000,   0.9061,  0.10271, -0.32430,  0.00000,  0.34017
  0.9355,   0.9677,   0.0000,   0.9814,  0.35575, -0.18339,  0.00000,  0.40024
  0.9355,   1.0000,   0.0000,   1.0117,  1.00000,  0.00000,  0.00000,  1.00000
  0.9677,   0.0000,   0.0000,   1.3415,  1.00000,  0.00000,  0.00000,  1.00000
  0.9677,   0.0323,   0.0000,   1.2308,  0.16875,  0.26590,  0.00000,  0.31492
  0.9677,   0.0645,   0.0000,   1.0319,  0.00281,  0.35575,  0.00000,  0.35576
  0.9677,   0.0968,   0.0000,   0.8818, -0.03879,  0.36861,  0.00000,  0.37064
  0.9677,   0.1290,   0.0000,   0.7777, -0.04554,  0.34686,  0.00000,  0.34984
  0.9677,   0.1613,   0.0000,   0.7069, -0.04251,  0.31100,  0.00000,  0.31389
  0.9677,   0.1935,   0.0000,   0.6596, -0.03715,  0.27030,  0.00000,  0.27284
  0.9677,   0.2258,   0.0000,   0.6287, -0.03176,  0.22919,  0.00000,  0.23138
  0.9677,   0.2581,   0.0000,   0.6091, -0.02693,  0.18989,  0.00000,  0.19179
  0.9677,   0.2903,   0.0000,   0.5973, -0.02273,  0.15355,  0.00000,  0.15523
  0.9677,   0.3226,   0.0000,   0.5908, -0.01908,  0.12074,  0.00000,  0.12224
  0.9677,   0.3548,   0.0000,   0.5877, -0.01591,  0.09168,  0.00000,  0.09305
  0.9677,   0.3871,   0.0000,   0.5867, -0.01318,  0.06629,  0.00000,  0.06759
  0.9677,   0.4194,   0.0000,   0.5870, -0.01090,  0.04431,  0.00000,  0.04563
  0.9677,   0.4516,   0.0000,   0.5877, -0.00916,  0.02518,  0.00000,  0.02680
  0.9677,   0.4839,   0.0000,   0.5884, -0.00810,  0.00811,  0.00000,  0.01146
  0.9677,   0.5161,   0.0000,   0.5884, -0.00810, -0.00811,  0.00000,  0.01146
  0.9677,   0.5484,   0.0000,   0.5877, -0.00916, -0.02518,  0.00000,  0.02680
  0.9677,   0.5806,   0.0000,   0.5870, -0.01090, -0.04431,  0.00000,  0.04563
  0.9677,   0.6129,   0.0000,   0.5867, -0.01318, -0.06629,  0.00000,  0.06759
  0.9677,   0.6452,   0.0000,   0.5877, -0.01591, -0.09168,  0.00000,  0.09305
  0.9677,   0.6774,   0.0000,   0.5908, -0.01908, -0.12074,  0.00000,  0.12224
  0.9677,   0.7097,   0.0000,   0.5973, -0.02273, -0.15355,  0.00000,  0.15523
  0.9677,   0.7419,   0.0000,   0.6091, -0.02693, -0.18989,  0.00000,  0.19179
  0.9677,   0.7742,   0.0000,   0.6287, -0.03176, -0.22919,  0.00000,  0.23138
  0.9677,   0.8065,   0.0000,   0.6596, -0.03715, -0.27030,  0.00000,  0.27284
  0.9677,   0.8387,   0.0000,   0.7069, -0.04251, -0.31100,  0.00000,  0.31389
  0.9677,   0.8710,   0.0000,   0.7777, -0.04554, -0.34686,  0.00000,  0.34984
  0.9677,   0.9032,   0.0000,   0.8818, -0.03879, -0.36861,  0.00000,  0.37064
  0.9677,   0.9355,   0.0000,   1.0319,  0.00281, -0.35575,  0.00000,  0.35576
  0.9677,   0.9677,   0.0000,   1.2308,  0.16875, -0.26590,  0.00000,  0.31492
  0.9677,   1.0000,   0.0000,   1.3415,  1.00000,  0.00000,  0.00000,  1.00000
  1.0000,   0.0000,   0.0000,   1.5551,  0.00000,  0.00000,  0.00000,  0.00000
  1.0000,   0.0323,   0.0000,   1.3822,  0.00000,  0.00000,  0.00000,  0.00000
  1.0000,   0.0645,   0.0000,   1.0938,  0.00000,  0.00000,  0.00000,  0.00000
  1.0000,   0.0968,   0.0000,   0.9057,  0.00000,  0.00000,  0.00000,  0.00000
  1.0000,   0.1290,   0.0000,   0.7862,  0.00000,  0.00000,  0.00000,  0.00000
  1.0000,   0.1613,   0.0000,   0.7086,  0.00000,  0.00000,  0.00000,  0.00000
  1.0000,   0.1935,   0.0000,   0.6580,  0.00000,  0.00000,  0.00000,  0.00000
  1.0000,   0.2258,   0.0000,   0.6255,  0.00000,  0.00000,  0.00000,  0.00000
  1.0000,   0.2581,   0.0000,   0.6053,  0.00000,  0.00000,  0.00000,  0.00000
  1.0000,   0.2903,   0.0000,   0.5933,  0.00000,  0.00000,  0.00000,  0.00000
  1.0000,   0.3226,   0.0000,   0.5868,  0.00000,  0.00000,  0.00000,  0.00000
  1.0000,   0.3548,   0.0000,   0.5840,  0.00000,  0.00000,  0.00000,  0.00000
  1.0000,   0.3871,   0.0000,   0.5833,  0.00000,  0.00000,  0.00000,  0.00000
  1.0000,   0.4194,   0.0000,   0.5839,  0.00000,  0.00000,  0.00000,  0.00000
  1.0000,   0.4516,   0.0000,   0.5848,  0.00000,  0.00000,  0.00000,  0.00000
  1.0000,   0.4839,   0.0000,   0.5856,  0.00000,  0.00000,  0.00000,  0.00000
  1.0000,   0.5161,   0.0000,   0.5856,  0.00000,  0.00000,  0.00000,  0.00000
  1.0000,   0.5484,   0.0000,   0.5848,  0.00000,  0.00000,  0.00000,  0.00000
  1.0000,   0.5806,   0.0000,   0.5839,  0.00000,  0.00000,  0.00000,  0.00000
  1.0000,   0.6129,   0.0000,   0.5833,  0.00000,  0.00000,  0.00000,  0.00000
  1.0000,   0.6452,   0.0000,   0.5840,  0.00000,  0.00000,  0.00000,  0.00000
  1.0000,   0.6774,   0.0000,   0.5868,  0.00000,  0.00000,  0.00000,  0.00000
  1.0000,   0.7097,   0.0000,   0.5933,  0.00000,  0.00000,  0.00000,  0.00000
  1.0000,   0.7419,   0.0000,   0.6053,  0.00000,  0.00000,  0.00000,  0.00000
  1.0000,   0.7742,   0.0000,   0.6255,  0.00000,  0.00000,  0.00000,  0.00000
  1.0000,   0.8065,   0.0000,   0.6580,  0.00000,  0.00000,  0.00000,  0.00000
  1.0000,   0.8387,   0.0000,   0.7086,  0.00000,  0.00000,  0.00000,  0.00000
  1.0000,   0.8710,   0.0000,   0.7862,  0.00000,  0.00000,  0.00000,  0.00000
  1.0000,   0.9032,   0.0000,   0.9057,  0.00000,  0.00000,  0.00000,  0.00000
  1.0000,   0.9355,   0.0000,   1.0938,  0.00000,  0.00000,  0.00000,  0.00000
  1.0000,   0.9677,   0.0000,   1.3822,  0.00000,  0.00000,  0.00000,  0.00000
  1.0000,   1.0000,   0.0000,   1.5551,  0.00000,  0.00000,  0.00000,  0.00000
